"","Date","Max_TemperatureC","Mean_TemperatureC","Min_TemperatureC","Dew_PointC","MeanDew_PointC","Min_DewpointC","Max_Humidity","Mean_Humidity","Min_Humidity","Max_Sea_Level_PressurehPa","Mean_Sea_Level_PressurehPa","Min_Sea_Level_PressurehPa","Max_VisibilityKm","Mean_VisibilityKm","Min_VisibilitykM","Max_Wind_SpeedKm_h","Mean_Wind_SpeedKm_h","Max_Gust_SpeedKm_h","Precipitationmm","CloudCover","Events","WindDirDegrees","Station"
"1",2013-01-01,8,6,4,8,6,3,100,92,70,1007,1001,997,31,11,6,40,23,63,6.1,6,"Rain",234,"EDDH"
"2",2013-01-02,7,6,4,6,4,3,100,89,76,1023,1015,1007,31,15,10,26,19,40,0,6,"Rain",251,"EDDH"
"3",2013-01-03,9,8,6,10,7,4,100,94,82,1028,1022,1018,26,9,3,29,23,50,2.03,6,"Rain",265,"EDDH"
"4",2013-01-04,9,8,6,9,7,4,100,95,83,1029,1027,1025,26,9,2,35,23,60,0.76,7,"Rain",279,"EDDH"
"5",2013-01-05,7,7,6,8,7,5,100,99,93,1030,1028,1026,7,4,1,24,18,NA,0.51,7,"Rain",293,"EDDH"
"6",2013-01-06,8,7,6,8,7,6,100,98,90,1029,1025,1023,14,7,2,26,14,NA,1.02,7,"Rain",285,"EDDH"
"7",2013-01-07,7,6,5,7,6,4,100,98,85,1028,1026,1023,26,8,3,16,11,NA,0,6,"Rain",248,"EDDH"
"8",2013-01-08,8,7,6,8,7,6,100,98,92,1024,1021,1021,6,4,3,14,10,NA,0.76,7,"Rain",256,"EDDH"
"9",2013-01-09,7,6,5,8,7,4,100,98,88,1022,1015,1011,26,8,3,21,13,NA,6.1,6,"Rain",250,"EDDH"
"10",2013-01-10,6,3,0,5,1,-4,100,87,60,1012,1009,1007,31,12,3,21,16,NA,0.51,6,"Rain-Snow",322,"EDDH"
"11",2013-01-11,0,-1,-2,-2,-3,-3,93,83,69,1019,1015,1012,31,14,7,18,13,NA,0,6,"Snow",319,"EDDH"
"12",2013-01-12,1,-2,-6,-2,-4,-5,100,87,64,1022,1020,1018,31,13,10,11,6,NA,0,5,"Snow",339,"EDDH"
"13",2013-01-13,-1,-2,-4,-2,-3,-6,100,87,66,1022,1021,1020,31,13,8,16,8,NA,0,5,"Snow",58,"EDDH"
"14",2013-01-14,-3,-4,-5,-4,-6,-7,93,88,77,1020,1015,1010,19,8,2,19,11,NA,0,6,"Snow",111,"EDDH"
"15",2013-01-15,-4,-7,-10,-5,-7,-9,100,91,71,1011,1010,1009,11,7,3,11,6,NA,0,5,"Fog-Snow",115,"EDDH"
"16",2013-01-16,-4,-6,-7,-5,-6,-7,100,94,83,1015,1012,1011,7,5,3,14,10,NA,0,7,"Rain-Snow",52,"EDDH"
"17",2013-01-17,-1,-4,-7,-1,-3,-5,100,86,69,1021,1018,1015,18,10,5,13,10,NA,0,6,"Snow",21,"EDDH"
"18",2013-01-18,0,-2,-3,-1,-3,-7,100,85,63,1020,1014,1009,31,12,6,29,11,NA,0,6,"Snow",69,"EDDH"
"19",2013-01-19,-4,-5,-7,-7,-8,-10,86,77,62,1010,1006,1004,31,14,10,29,21,40,0,4,NA,85,"EDDH"
"20",2013-01-20,-1,-4,-8,-3,-6,-11,93,81,64,1006,1004,1002,31,15,10,26,13,NA,0,5,NA,80,"EDDH"
"21",2013-01-21,-2,-3,-4,-4,-7,-14,80,69,36,1007,1004,1003,31,16,10,32,26,47,0,6,"Snow",80,"EDDH"
"22",2013-01-22,-4,-6,-6,-6,-7,-9,93,84,61,1012,1009,1006,31,10,3,23,16,NA,0,6,"Snow",96,"EDDH"
"23",2013-01-23,0,-6,-11,-3,-6,-12,100,86,69,1013,1012,1011,31,15,10,14,8,NA,0,6,"Fog-Snow",16,"EDDH"
"24",2013-01-24,-1,-2,-4,-2,-3,-5,100,86,76,1021,1016,1012,31,13,10,14,11,NA,0,6,"Snow",13,"EDDH"
"25",2013-01-25,-1,-3,-6,-2,-7,-9,100,74,49,1024,1021,1017,31,15,9,24,10,NA,0,5,NA,150,"EDDH"
"26",2013-01-26,0,-4,-9,0,-7,-10,100,86,67,1017,1011,1007,10,7,2,27,21,NA,0,6,"Snow",161,"EDDH"
"27",2013-01-27,4,0,-4,4,1,-1,100,95,86,1008,1002,997,14,7,2,29,19,NA,5.08,6,"Rain-Snow",197,"EDDH"
"28",2013-01-28,4,3,2,3,2,1,100,92,79,1011,1007,1002,19,10,6,26,21,42,0.76,5,NA,216,"EDDH"
"29",2013-01-29,10,6,2,10,5,1,100,91,72,1007,1002,999,31,12,3,35,24,53,1.02,6,"Rain",216,"EDDH"
"30",2013-01-30,11,8,4,11,8,3,100,93,66,1001,998,995,31,10,4,34,23,61,9.91,6,"Rain",244,"EDDH"
"31",2013-01-31,7,7,6,5,3,2,93,76,59,1006,1002,998,31,13,9,50,35,77,1.02,6,"Rain",254,"EDDH"
"32",2013-02-01,7,4,3,5,4,2,100,88,73,1003,998,992,31,12,6,40,23,76,4.06,7,"Rain",254,"EDDH"
"33",2013-02-02,3,2,1,3,0,-4,100,85,47,1009,1000,992,31,9,2,34,13,39,0,5,"Fog-Rain",313,"EDDH"
"34",2013-02-03,4,2,0,4,1,-1,100,92,67,1012,1008,1001,31,11,3,34,14,42,3.05,6,"Rain-Snow",258,"EDDH"
"35",2013-02-04,7,4,1,6,3,1,100,86,61,1004,1001,998,31,12,4,40,21,69,3.05,6,"Rain",255,"EDDH"
"36",2013-02-05,2,1,0,2,1,-1,100,90,63,1000,994,992,26,11,1,29,21,52,8.89,6,"Rain-Snow",242,"EDDH"
"37",2013-02-06,3,1,-1,3,1,-2,100,94,81,1001,997,995,26,8,2,21,14,29,0.25,6,"Rain-Snow",252,"EDDH"
"38",2013-02-07,1,0,-1,0,-1,-2,100,91,77,1010,1006,1001,31,11,5,14,11,NA,0,6,"Snow",311,"EDDH"
"39",2013-02-08,0,-1,-2,0,-2,-3,100,90,75,1016,1012,1010,31,12,2,19,11,NA,0.51,6,"Snow",322,"EDDH"
"40",2013-02-09,-1,-2,-3,0,-3,-6,100,83,64,1019,1017,1016,26,11,8,13,10,NA,0,6,"Snow",323,"EDDH"
"41",2013-02-10,1,-3,-6,-2,-4,-7,100,87,64,1018,1015,1012,13,8,0,23,8,NA,0,4,"Fog-Snow",112,"EDDH"
"42",2013-02-11,1,-3,-6,-3,-6,-7,93,77,52,1014,1012,1011,26,12,10,27,18,NA,0,4,NA,86,"EDDH"
"43",2013-02-12,1,-1,-2,-1,-2,-4,93,87,72,1020,1016,1014,31,11,3,16,13,NA,0.51,6,"Snow",30,"EDDH"
"44",2013-02-13,0,-2,-3,-3,-3,-5,93,85,70,1028,1024,1019,31,11,5,11,8,NA,0,6,"Snow",41,"EDDH"
"45",2013-02-14,1,-2,-4,-3,-4,-6,100,81,50,1028,1022,1016,31,14,6,35,16,NA,0,4,NA,140,"EDDH"
"46",2013-02-15,2,-1,-3,1,-2,-4,100,86,69,1021,1018,1015,14,7,3,23,16,NA,0,6,"Snow",148,"EDDH"
"47",2013-02-16,2,1,1,2,1,0,100,97,85,1026,1023,1020,5,3,1,11,6,NA,0,7,"Fog",81,"EDDH"
"48",2013-02-17,4,2,1,1,0,-1,100,86,63,1027,1026,1024,10,6,3,11,8,NA,0,7,NA,132,"EDDH"
"49",2013-02-18,3,2,0,1,0,-1,100,87,67,1025,1021,1016,10,7,3,14,6,NA,1.02,7,"Snow",256,"EDDH"
"50",2013-02-19,2,0,-2,2,-1,-4,100,88,66,1022,1016,1012,31,8,2,21,14,NA,0.25,6,"Rain-Snow",352,"EDDH"
"51",2013-02-20,2,-1,-3,-3,-4,-6,93,73,51,1028,1026,1022,31,14,10,23,11,34,0,5,"Snow",23,"EDDH"
"52",2013-02-21,1,-1,-2,-4,-6,-7,80,68,45,1028,1026,1024,31,14,10,23,14,NA,0,6,"Snow",31,"EDDH"
"53",2013-02-22,0,-2,-4,-3,-6,-9,93,70,43,1025,1022,1021,31,13,6,26,14,37,0,5,"Snow",57,"EDDH"
"54",2013-02-23,1,-2,-5,-1,-4,-7,93,76,52,1022,1019,1017,26,11,6,35,16,61,0,6,"Snow",41,"EDDH"
"55",2013-02-24,2,1,-1,1,0,-2,100,95,86,1021,1017,1016,8,6,3,27,19,NA,0.51,7,"Rain-Snow",37,"EDDH"
"56",2013-02-25,3,2,1,2,1,1,100,93,84,1030,1024,1021,11,5,3,24,14,35,0,7,"Rain",52,"EDDH"
"57",2013-02-26,2,1,1,1,1,-1,100,91,81,1035,1033,1030,13,8,6,19,14,NA,0,7,"Rain",55,"EDDH"
"58",2013-02-27,7,3,-1,0,-1,-2,93,77,48,1035,1033,1031,26,13,9,14,8,NA,0,7,"Fog",33,"EDDH"
"59",2013-02-28,4,0,-4,4,0,-3,100,99,91,1032,1027,1023,10,3,0,23,8,NA,0,7,"Fog-Rain",271,"EDDH"
"60",2013-03-01,7,2,-2,3,1,-2,100,87,61,1026,1023,1021,23,11,1,23,14,NA,0,4,"Fog-Rain",297,"EDDH"
"61",2013-03-02,3,0,-3,2,-1,-2,100,94,69,1026,1023,1018,26,6,0,24,10,37,0,6,"Fog-Rain",261,"EDDH"
"62",2013-03-03,6,2,-2,4,1,-2,100,81,53,1024,1020,1018,31,14,3,29,18,40,0,4,"Rain",294,"EDDH"
"63",2013-03-04,8,2,-4,3,-1,-4,100,84,49,1024,1021,1017,31,7,0,19,6,NA,0,5,"Fog",143,"EDDH"
"64",2013-03-05,14,7,-1,1,-1,-3,87,60,23,1017,1012,1008,31,24,16,19,13,NA,0,NA,NA,143,"EDDH"
"65",2013-03-06,13,6,-2,3,0,-3,100,71,26,1008,1006,1005,31,20,6,14,6,NA,0,NA,NA,77,"EDDH"
"66",2013-03-07,8,4,1,2,-1,-4,93,72,48,1008,1006,1005,19,11,6,35,19,50,0,7,NA,70,"EDDH"
"67",2013-03-08,4,2,0,0,-2,-5,100,73,47,1009,1008,1007,26,11,8,32,24,47,1.02,7,"Rain-Snow",91,"EDDH"
"68",2013-03-09,2,0,-1,0,-3,-6,100,78,47,1008,1006,1003,31,9,1,32,24,45,3.05,7,"Snow",83,"EDDH"
"69",2013-03-10,-2,-2,-3,-2,-4,-6,100,87,65,1009,1005,1003,26,8,1,35,26,50,0,6,"Snow",60,"EDDH"
"70",2013-03-11,-3,-4,-5,-4,-5,-6,100,89,67,1012,1010,1008,19,6,1,26,18,45,1.02,6,"Snow",31,"EDDH"
"71",2013-03-12,-1,-6,-11,-6,-9,-13,93,72,28,1012,1008,1006,31,14,4,16,8,NA,0,3,"Snow",29,"EDDH"
"72",2013-03-13,-1,-7,-13,-2,-7,-13,100,81,52,1007,1005,1004,31,13,1,21,6,NA,0,6,"Snow",207,"EDDH"
"73",2013-03-14,0,-4,-8,-2,-5,-9,100,82,45,1014,1010,1007,19,9,3,19,6,NA,0,5,"Fog-Snow",328,"EDDH"
"74",2013-03-15,2,-6,-12,-4,-9,-13,100,70,33,1016,1015,1013,31,13,0,19,6,NA,0,2,"Fog-Snow",201,"EDDH"
"75",2013-03-16,4,0,-4,-3,-6,-9,74,61,43,1016,1013,1010,31,18,6,34,23,50,0,7,"Snow",144,"EDDH"
"76",2013-03-17,2,1,-1,-5,-7,-8,65,53,35,1010,1006,1001,31,19,10,39,29,60,0,7,NA,123,"EDDH"
"77",2013-03-18,-1,-1,-2,-1,-3,-6,100,87,46,1002,999,998,19,7,1,35,26,53,0,7,"Snow",95,"EDDH"
"78",2013-03-19,0,-1,-2,-1,-2,-4,100,88,73,1005,1000,997,19,9,3,19,13,NA,0.51,7,"Snow",23,"EDDH"
"79",2013-03-20,1,-1,-3,-2,-3,-4,93,83,66,1013,1007,1004,31,14,10,14,11,34,0,6,"Rain-Snow",36,"EDDH"
"80",2013-03-21,0,-2,-3,-2,-3,-5,93,84,65,1023,1018,1013,26,11,6,14,10,NA,0,6,"Snow",22,"EDDH"
"81",2013-03-22,0,-2,-4,-3,-5,-9,93,78,55,1027,1024,1022,26,12,5,29,16,NA,0,5,"Snow",63,"EDDH"
"82",2013-03-23,-2,-4,-7,-9,-12,-15,80,55,25,1029,1027,1026,31,19,10,40,26,61,0,4,"Snow",86,"EDDH"
"83",2013-03-24,1,-3,-7,-5,-9,-13,86,63,38,1029,1026,1024,10,10,10,35,21,48,0,2,NA,79,"EDDH"
"84",2013-03-25,1,-2,-5,-5,-7,-10,86,65,38,1026,1024,1021,31,15,10,39,24,60,0,1,NA,74,"EDDH"
"85",2013-03-26,2,-1,-5,-4,-6,-8,86,69,38,1022,1020,1018,10,10,10,35,18,48,0,4,"Snow",67,"EDDH"
"86",2013-03-27,3,-2,-7,-4,-6,-9,100,68,32,1019,1017,1016,31,25,10,32,16,35,0,6,NA,68,"EDDH"
"87",2013-03-28,1,-1,-2,-3,-5,-7,80,70,51,1017,1014,1011,26,13,8,26,16,NA,0,7,"Snow",76,"EDDH"
"88",2013-03-29,1,0,-2,-1,-2,-4,94,87,71,1011,1008,1007,14,8,3,14,11,NA,0,7,"Rain-Snow",20,"EDDH"
"89",2013-03-30,2,1,-1,-1,-2,-4,93,80,53,1012,1009,1007,26,10,5,14,8,NA,0,7,"Snow",4,"EDDH"
"90",2013-03-31,4,1,-4,-2,-4,-8,93,68,31,1014,1013,1012,31,12,6,21,10,NA,0,4,"Snow",32,"EDDH"
"91",2013-04-01,5,-1,-7,-3,-7,-10,100,63,20,1014,1013,1012,31,18,10,21,10,NA,0,1,NA,9,"EDDH"
"92",2013-04-02,6,0,-7,-3,-6,-9,100,64,21,1020,1016,1014,31,17,10,29,8,NA,0,1,NA,52,"EDDH"
"93",2013-04-03,6,1,-3,-3,-5,-7,86,64,35,1023,1021,1020,31,16,10,32,14,NA,0,3,NA,61,"EDDH"
"94",2013-04-04,6,2,-2,-2,-3,-5,87,69,43,1021,1017,1015,31,14,10,27,18,NA,0,4,NA,54,"EDDH"
"95",2013-04-05,3,1,-2,0,-2,-4,93,81,70,1017,1014,1013,31,12,10,21,11,NA,0,6,"Rain-Snow",32,"EDDH"
"96",2013-04-06,9,3,-3,-1,-5,-12,87,57,14,1022,1019,1016,31,24,10,18,10,NA,0,6,NA,15,"EDDH"
"97",2013-04-07,8,2,-3,1,-1,-3,100,77,39,1023,1020,1016,31,12,2,21,8,NA,0,5,"Fog",274,"EDDH"
"98",2013-04-08,8,2,-3,1,-2,-3,100,76,37,1017,1012,1009,31,11,0,26,8,NA,0,5,"Fog",48,"EDDH"
"99",2013-04-09,9,4,0,2,-1,-3,76,62,31,1010,1006,1004,26,13,8,27,18,40,0,6,"Rain",98,"EDDH"
"100",2013-04-10,7,4,3,6,3,0,93,87,62,1006,1005,1004,18,6,3,23,18,NA,3.05,7,"Rain",112,"EDDH"
"101",2013-04-11,9,7,3,9,7,4,100,95,84,1006,1001,997,8,4,0,21,10,NA,2.03,6,"Fog-Rain",143,"EDDH"
"102",2013-04-12,12,9,7,8,7,5,100,86,54,1002,1000,997,18,8,3,24,11,NA,0.51,6,"Fog-Rain-Thunderstorm",228,"EDDH"
"103",2013-04-13,9,7,4,7,6,3,100,90,78,1021,1012,1002,26,9,4,27,14,39,1.02,6,"Fog-Rain",251,"EDDH"
"104",2013-04-14,17,10,3,11,7,2,100,76,55,1023,1022,1020,26,13,8,23,13,NA,0,6,"Fog-Rain",155,"EDDH"
"105",2013-04-15,22,17,11,11,10,8,100,67,35,1021,1019,1017,31,16,1,26,16,27,2.03,6,"Fog-Rain",182,"EDDH"
"106",2013-04-16,20,13,7,12,8,4,100,73,27,1020,1018,1016,31,8,0,29,8,35,0,4,"Fog-Rain",246,"EDDH"
"107",2013-04-17,19,13,8,11,9,7,93,68,40,1022,1019,1014,31,14,9,24,13,NA,0,5,NA,216,"EDDH"
"108",2013-04-18,19,14,11,12,4,-4,82,47,13,1015,1012,1008,31,14,10,40,21,64,0,7,"Rain",224,"EDDH"
"109",2013-04-19,13,8,4,6,3,2,87,64,42,1028,1020,1015,31,14,10,29,19,40,0,4,"Rain",265,"EDDH"
"110",2013-04-20,12,6,0,2,-1,-4,93,62,21,1032,1030,1028,31,21,10,19,10,29,0,1,"Fog",354,"EDDH"
"111",2013-04-21,15,8,1,4,1,-1,93,57,26,1030,1023,1015,31,30,19,24,10,NA,0,NA,NA,90,"EDDH"
"112",2013-04-22,15,11,7,6,2,-3,82,49,18,1016,1014,1013,31,16,10,21,10,NA,0,5,"Rain",245,"EDDH"
"113",2013-04-23,14,9,5,9,4,1,88,65,39,1022,1016,1012,26,13,10,27,14,45,0,6,"Rain",250,"EDDH"
"114",2013-04-24,20,12,4,10,6,3,88,63,32,1025,1023,1020,26,15,9,29,13,39,0,5,NA,241,"EDDH"
"115",2013-04-25,20,14,8,13,9,7,94,73,41,1025,1022,1015,26,9,3,19,11,NA,0.51,6,"Rain",245,"EDDH"
"116",2013-04-26,11,8,6,12,8,4,100,90,65,1015,1010,1007,26,8,0,21,10,NA,11.94,7,"Fog-Rain",320,"EDDH"
"117",2013-04-27,10,7,4,5,3,0,100,77,41,1014,1010,1007,31,13,8,24,13,40,0,6,"Rain",318,"EDDH"
"118",2013-04-28,12,6,-2,4,1,-2,100,67,27,1017,1015,1013,31,12,1,19,8,NA,0,2,"Fog",259,"EDDH"
"119",2013-04-29,11,8,5,7,3,-3,93,63,30,1019,1014,1011,31,14,10,35,14,52,1.02,5,"Fog-Rain",232,"EDDH"
"120",2013-04-30,13,8,3,5,2,0,93,63,33,1026,1022,1018,31,14,10,29,14,NA,0,5,"Fog",273,"EDDH"
"121",2013-05-01,16,7,-1,3,0,-4,100,57,20,1029,1025,1022,31,17,10,23,8,NA,0,2,"Fog",65,"EDDH"
"122",2013-05-02,15,10,6,3,-1,-5,71,45,21,1024,1023,1021,31,31,31,26,11,NA,0,8,NA,51,"EDDH"
"123",2013-05-03,18,12,6,4,0,-6,66,40,20,1023,1019,1016,31,20,10,16,11,NA,0,3,NA,86,"EDDH"
"124",2013-05-04,20,13,7,9,5,1,82,54,19,1019,1016,1014,31,23,10,27,11,NA,0,1,NA,216,"EDDH"
"125",2013-05-05,19,12,5,8,6,4,93,64,27,1024,1022,1019,10,10,10,23,8,42,0,2,NA,248,"EDDH"
"126",2013-05-06,22,16,8,10,8,5,82,61,27,1025,1022,1019,31,22,11,14,8,NA,0,NA,"Rain",55,"EDDH"
"127",2013-05-07,22,14,8,12,9,7,94,72,35,1020,1018,1014,31,15,6,26,10,37,11.94,6,"Rain",42,"EDDH"
"128",2013-05-08,21,16,11,15,12,10,100,78,43,1014,1011,1009,31,10,3,27,13,35,2.03,5,"Rain",157,"EDDH"
"129",2013-05-09,18,15,11,14,12,9,94,82,56,1013,1011,1010,26,12,6,21,8,32,1.02,5,"Fog-Rain",269,"EDDH"
"130",2013-05-10,17,13,9,11,7,5,100,67,34,1014,1011,1010,31,13,10,32,11,40,0,5,"Fog-Rain",228,"EDDH"
"131",2013-05-11,17,12,8,9,7,5,93,69,37,1015,1013,1010,31,14,10,39,14,61,0.25,4,"Rain",221,"EDDH"
"132",2013-05-12,13,10,7,8,7,5,93,75,53,1015,1011,1008,31,12,10,26,14,NA,0,4,"Fog-Rain",240,"EDDH"
"133",2013-05-13,13,9,5,10,7,4,100,83,64,1015,1011,1008,31,13,5,29,11,35,2.03,6,"Fog-Rain",206,"EDDH"
"134",2013-05-14,14,11,7,8,5,2,100,66,34,1010,1008,1007,31,12,8,26,13,35,0,6,"Rain",207,"EDDH"
"135",2013-05-15,24,18,11,14,9,6,100,67,21,1007,1002,999,31,10,5,34,18,50,7.87,6,"Rain-Thunderstorm",143,"EDDH"
"136",2013-05-16,21,16,10,15,13,11,100,82,54,1004,1000,996,31,13,10,23,10,NA,0,5,"Fog-Rain-Thunderstorm",33,"EDDH"
"137",2013-05-17,24,19,14,17,14,11,94,65,38,1001,999,996,31,15,6,19,10,27,2.03,4,"Rain-Thunderstorm",75,"EDDH"
"138",2013-05-18,12,11,10,14,11,9,100,95,85,1010,1006,1001,16,6,1,14,11,NA,20.07,6,"Rain",275,"EDDH"
"139",2013-05-19,12,11,9,11,10,9,100,93,84,1011,1009,1007,8,6,3,14,8,NA,0,7,"Rain",287,"EDDH"
"140",2013-05-20,16,13,11,13,12,11,100,91,70,1009,1007,1006,14,6,3,13,6,NA,0.51,7,"Rain",285,"EDDH"
"141",2013-05-21,13,12,11,13,12,10,100,95,86,1009,1007,1004,7,5,3,19,10,NA,8.89,7,"Rain",244,"EDDH"
"142",2013-05-22,9,8,7,10,7,3,100,84,60,1008,1004,1002,26,9,5,45,21,71,7.87,6,"Rain",286,"EDDH"
"143",2013-05-23,11,8,4,6,4,1,93,76,43,1008,1007,1006,31,14,10,24,14,NA,0,5,"Rain",250,"EDDH"
"144",2013-05-24,11,8,4,7,5,3,100,82,56,1014,1011,1007,31,12,6,16,11,NA,2.03,6,"Rain",299,"EDDH"
"145",2013-05-25,11,8,6,11,8,5,100,92,81,1014,1010,1008,26,9,2,24,10,NA,11.94,7,"Rain",291,"EDDH"
"146",2013-05-26,15,12,9,12,11,10,100,94,77,1008,1004,1002,26,8,3,23,13,NA,6.1,7,"Rain",329,"EDDH"
"147",2013-05-27,16,13,10,12,11,9,100,87,64,1010,1007,1003,26,10,3,14,6,NA,0,6,"Fog-Rain",59,"EDDH"
"148",2013-05-28,18,13,8,13,11,8,100,85,53,1010,1006,1001,31,9,0,21,8,NA,0,6,"Fog-Rain",347,"EDDH"
"149",2013-05-29,17,13,11,13,11,9,94,85,65,1003,999,997,31,12,7,14,10,NA,2.03,5,"Rain",8,"EDDH"
"150",2013-05-30,19,16,11,14,12,10,100,83,60,1008,1006,1004,31,10,2,18,6,35,3.05,5,"Rain",299,"EDDH"
"151",2013-05-31,22,17,13,14,12,11,88,69,41,1008,1006,1005,31,15,10,26,13,NA,0,1,NA,3,"EDDH"
"152",2013-06-01,16,13,11,14,13,9,95,88,76,1015,1011,1008,31,7,3,29,14,NA,0,7,"Rain",300,"EDDH"
"153",2013-06-02,15,12,9,9,7,5,88,68,46,1024,1019,1015,31,13,9,37,26,55,0,6,NA,312,"EDDH"
"154",2013-06-03,18,12,6,9,7,5,93,70,38,1025,1024,1023,31,12,10,29,18,NA,0,3,NA,302,"EDDH"
"155",2013-06-04,19,13,8,12,8,-1,94,66,21,1024,1022,1021,31,13,10,24,11,NA,0,4,NA,3,"EDDH"
"156",2013-06-05,21,13,4,9,6,4,93,57,25,1022,1021,1020,10,10,10,14,6,NA,0,4,NA,107,"EDDH"
"157",2013-06-06,22,16,9,9,7,6,82,50,24,1023,1022,1021,NA,NA,NA,19,10,24,0,NA,NA,90,"EDDH"
"158",2013-06-07,23,16,8,11,8,6,93,57,23,1024,1022,1020,10,10,10,14,5,NA,0,NA,"Fog",25,"EDDH"
"159",2013-06-08,20,13,7,11,9,6,100,70,35,1021,1019,1016,31,13,10,18,8,NA,0,1,"Fog",319,"EDDH"
"160",2013-06-09,19,12,6,10,8,6,100,74,39,1016,1013,1010,31,11,10,21,8,NA,0,4,"Fog",322,"EDDH"
"161",2013-06-10,21,12,4,13,9,5,100,73,31,1014,1012,1011,31,12,10,23,8,NA,0,4,"Fog",308,"EDDH"
"162",2013-06-11,19,14,10,11,9,8,88,69,41,1018,1016,1014,31,12,6,19,13,NA,0,3,NA,299,"EDDH"
"163",2013-06-12,24,16,8,15,11,7,93,64,31,1019,1017,1014,31,16,10,26,10,NA,0,6,"Rain",166,"EDDH"
"164",2013-06-13,23,18,12,17,16,12,100,84,63,1015,1012,1010,23,11,5,32,16,NA,3.05,6,"Rain",232,"EDDH"
"165",2013-06-14,18,14,11,12,11,8,100,80,46,1019,1016,1012,31,13,8,26,19,48,0.76,6,"Fog-Rain",257,"EDDH"
"166",2013-06-15,21,15,9,15,10,6,100,72,35,1018,1012,1007,31,15,6,39,13,53,4.06,4,"Fog-Rain-Thunderstorm",186,"EDDH"
"167",2013-06-16,18,13,9,12,9,7,94,71,41,1017,1013,1011,31,13,10,34,16,52,0,4,"Rain",247,"EDDH"
"168",2013-06-17,23,15,7,13,10,7,100,67,29,1020,1017,1015,31,16,10,16,6,NA,0,6,"Fog-Rain",75,"EDDH"
"169",2013-06-18,25,19,13,18,14,11,94,71,43,1018,1017,1015,31,30,26,16,11,NA,0,8,"Rain",68,"EDDH"
"170",2013-06-19,31,24,17,22,18,15,100,72,40,1025,1015,1011,31,18,5,45,13,69,27.94,5,"Rain-Thunderstorm",91,"EDDH"
"171",2013-06-20,27,22,17,21,18,16,100,82,54,1017,1012,1008,31,13,5,32,13,39,2.03,4,"Fog-Rain-Thunderstorm",50,"EDDH"
"172",2013-06-21,22,19,16,19,16,13,100,85,59,1012,1008,1005,31,13,6,45,14,66,0,6,"Fog-Rain-Thunderstorm",223,"EDDH"
"173",2013-06-22,22,18,14,16,13,12,94,74,50,1013,1011,1009,31,13,6,32,19,50,0,5,"Rain",215,"EDDH"
"174",2013-06-23,20,17,13,14,12,10,94,76,47,1012,1009,1007,31,13,8,35,19,NA,0.51,5,"Rain",210,"EDDH"
"175",2013-06-24,18,15,12,14,12,11,94,83,59,1020,1016,1012,31,15,10,26,14,45,2.03,5,"Rain",241,"EDDH"
"176",2013-06-25,15,13,12,12,11,9,100,85,64,1024,1022,1020,31,14,8,27,13,NA,0.51,6,"Rain",292,"EDDH"
"177",2013-06-26,15,12,10,10,8,6,88,71,46,1024,1022,1021,31,10,10,37,23,50,0,6,"Rain",292,"EDDH"
"178",2013-06-27,16,13,10,10,9,7,94,83,50,1022,1020,1019,31,13,10,24,14,NA,0.25,6,"Rain",243,"EDDH"
"179",2013-06-28,14,12,11,11,9,8,94,83,67,1020,1017,1015,31,12,6,27,18,NA,2.03,6,"Rain",193,"EDDH"
"180",2013-06-29,16,13,10,14,11,7,100,84,50,1021,1014,1011,31,9,3,34,18,52,0.76,6,"Rain",249,"EDDH"
"181",2013-06-30,16,12,8,13,9,6,94,80,51,1021,1019,1016,31,11,8,26,13,NA,0,5,"Rain",251,"EDDH"
"182",2013-07-01,20,17,13,15,13,10,100,80,52,1017,1015,1013,31,12,8,23,10,NA,0,6,"Rain",254,"EDDH"
"183",2013-07-02,20,15,10,12,9,6,100,67,30,1016,1014,1012,31,11,10,19,6,NA,0,4,"Fog-Rain",252,"EDDH"
"184",2013-07-03,26,20,14,19,14,9,94,73,45,1013,1009,1007,26,13,7,21,11,NA,0.51,5,"Fog-Rain",161,"EDDH"
"185",2013-07-04,21,18,16,17,16,14,100,85,63,1022,1018,1013,26,10,5,16,8,NA,0.25,6,"Rain",258,"EDDH"
"186",2013-07-05,22,18,13,17,14,9,100,75,43,1030,1026,1022,31,12,10,24,10,NA,0,4,"Rain",299,"EDDH"
"187",2013-07-06,22,14,7,12,10,8,100,68,34,1032,1031,1030,31,14,10,11,6,NA,0,1,"Fog",9,"EDDH"
"188",2013-07-07,25,17,9,15,12,8,100,67,32,1033,1031,1030,31,16,10,19,5,NA,0,1,"Fog",48,"EDDH"
"189",2013-07-08,25,18,11,15,13,8,100,70,36,1032,1031,1029,31,14,2,19,8,NA,0,2,"Fog",323,"EDDH"
"190",2013-07-09,24,17,10,16,13,8,100,70,27,1030,1026,1021,31,14,10,21,8,NA,0,1,"Fog",315,"EDDH"
"191",2013-07-10,19,16,13,14,12,9,94,72,46,1022,1019,1018,31,12,8,29,18,NA,0,4,"Rain",301,"EDDH"
"192",2013-07-11,22,16,10,14,11,9,100,72,35,1021,1020,1018,31,13,10,32,13,NA,0,3,"Fog",309,"EDDH"
"193",2013-07-12,21,17,12,12,11,9,94,69,42,1022,1021,1021,31,15,2,21,13,NA,0,3,NA,305,"EDDH"
"194",2013-07-13,21,14,8,14,11,8,100,76,47,1023,1022,1021,31,13,2,24,10,NA,0,4,"Fog",303,"EDDH"
"195",2013-07-14,17,15,13,14,12,10,94,80,54,1023,1021,1021,31,12,2,29,18,NA,0,6,"Rain",294,"EDDH"
"196",2013-07-15,21,16,11,13,12,10,94,73,47,1023,1022,1021,31,13,10,24,11,NA,0,4,NA,300,"EDDH"
"197",2013-07-16,23,18,13,15,13,11,94,75,41,1025,1023,1022,31,12,5,16,10,NA,0,6,NA,301,"EDDH"
"198",2013-07-17,25,18,11,16,14,11,100,77,42,1025,1024,1023,31,11,0,23,8,NA,0,6,"Fog",325,"EDDH"
"199",2013-07-18,25,18,11,16,13,11,100,70,32,1026,1025,1023,31,9,0,21,8,NA,0,2,"Fog",312,"EDDH"
"200",2013-07-19,24,19,14,16,15,13,100,76,49,1024,1022,1020,31,11,2,32,16,NA,0,5,NA,298,"EDDH"
"201",2013-07-20,26,19,12,15,11,7,100,58,21,1024,1022,1021,31,18,2,24,10,NA,0,4,"Fog-Rain",20,"EDDH"
"202",2013-07-21,30,21,12,14,11,8,94,51,17,1024,1022,1019,NA,NA,NA,13,5,NA,0,NA,NA,94,"EDDH"
"203",2013-07-22,31,22,13,15,12,7,88,51,13,1020,1018,1016,2,2,2,16,6,NA,0,NA,NA,62,"EDDH"
"204",2013-07-23,30,22,14,16,13,8,94,55,18,1016,1015,1014,10,10,10,24,8,NA,0,1,NA,67,"EDDH"
"205",2013-07-24,30,23,16,18,12,8,100,51,22,1016,1014,1012,31,11,8,24,14,NA,8.89,5,"Rain-Thunderstorm",97,"EDDH"
"206",2013-07-25,27,22,17,19,17,13,100,77,33,1015,1015,1014,26,8,3,14,8,NA,0,5,"Fog-Rain",242,"EDDH"
"207",2013-07-26,29,23,18,19,17,15,100,70,34,1015,1014,1012,19,12,6,21,6,NA,7.11,6,"Rain-Thunderstorm",56,"EDDH"
"208",2013-07-27,31,24,18,20,18,16,100,79,33,1013,1010,1007,31,12,3,23,6,48,4.06,6,"Fog-Rain-Thunderstorm",118,"EDDH"
"209",2013-07-28,28,23,18,20,18,16,100,76,42,1014,1008,1004,31,15,10,29,10,35,0,5,"Rain",241,"EDDH"
"210",2013-07-29,26,21,16,18,17,14,100,77,39,1015,1013,1012,31,13,9,29,6,48,0,5,"Rain-Thunderstorm",39,"EDDH"
"211",2013-07-30,22,18,14,17,15,12,100,83,54,1015,1014,1013,31,14,9,29,10,60,6.1,4,"Fog-Rain",250,"EDDH"
"212",2013-07-31,23,20,16,16,14,11,94,74,41,1017,1013,1009,31,10,5,26,16,40,0,5,"Rain",265,"EDDH"
"213",2013-08-01,29,22,16,19,17,13,100,76,36,1018,1016,1014,31,9,3,21,8,NA,0.51,6,"Rain",190,"EDDH"
"214",2013-08-02,34,26,18,18,16,12,88,52,18,1015,1012,1010,NA,NA,NA,21,8,NA,0,NA,NA,129,"EDDH"
"215",2013-08-03,27,21,16,20,17,15,94,66,39,1021,1015,1009,31,13,10,40,13,61,0.51,3,"Rain",255,"EDDH"
"216",2013-08-04,26,19,12,16,13,11,100,67,28,1023,1021,1020,31,13,8,18,6,NA,0,1,"Fog",279,"EDDH"
"217",2013-08-05,29,22,14,15,13,9,88,56,22,1022,1018,1013,31,31,31,24,11,40,0,NA,NA,127,"EDDH"
"218",2013-08-06,25,21,17,16,14,13,77,61,39,1016,1013,1010,31,12,10,27,16,40,0,3,"Rain",251,"EDDH"
"219",2013-08-07,24,18,11,16,12,9,94,67,36,1016,1014,1010,31,13,10,26,10,NA,6.1,5,"Fog-Rain",33,"EDDH"
"220",2013-08-08,20,17,14,18,14,11,94,81,49,1019,1013,1009,31,11,5,27,10,40,0,5,"Rain",268,"EDDH"
"221",2013-08-09,22,17,11,13,11,8,94,71,31,1021,1019,1018,31,11,10,19,8,NA,0,4,"Fog",261,"EDDH"
"222",2013-08-10,21,17,13,15,13,11,88,73,50,1019,1017,1016,26,12,10,26,8,NA,0.51,4,"Rain",233,"EDDH"
"223",2013-08-11,19,16,13,14,11,9,100,74,41,1017,1015,1013,31,11,9,27,13,47,0,4,"Rain",245,"EDDH"
"224",2013-08-12,21,16,12,13,11,8,100,74,35,1014,1013,1011,31,13,6,26,11,NA,0,5,"Rain",245,"EDDH"
"225",2013-08-13,19,14,11,13,11,9,94,80,52,1017,1013,1011,31,14,10,29,14,42,1.02,3,"Rain-Thunderstorm",251,"EDDH"
"226",2013-08-14,19,14,11,14,11,9,94,81,43,1022,1020,1017,31,12,10,26,13,40,3.05,3,"Fog-Rain",264,"EDDH"
"227",2013-08-15,22,14,8,15,11,8,100,75,37,1023,1021,1019,31,11,10,21,8,NA,0,4,"Fog-Rain",195,"EDDH"
"228",2013-08-16,26,20,14,16,14,11,100,67,29,1019,1017,1014,31,11,6,26,11,40,0,5,"Fog",208,"EDDH"
"229",2013-08-17,23,19,16,17,16,14,100,79,52,1016,1014,1012,31,12,8,24,8,NA,1.02,5,"Rain",227,"EDDH"
"230",2013-08-18,21,18,15,17,16,14,100,82,67,1012,1010,1009,31,11,3,29,14,NA,6.1,6,"Fog-Rain",210,"EDDH"
"231",2013-08-19,19,14,11,15,13,11,100,89,55,1021,1015,1012,26,10,0,14,5,NA,4.06,6,"Fog-Rain",41,"EDDH"
"232",2013-08-20,19,14,10,14,12,8,100,80,41,1028,1025,1021,31,13,10,19,8,NA,0,5,"Fog-Rain",293,"EDDH"
"233",2013-08-21,22,16,9,13,11,8,100,74,33,1028,1026,1023,31,14,10,16,5,NA,0,2,"Fog-Rain",253,"EDDH"
"234",2013-08-22,23,18,13,13,11,9,100,62,31,1024,1021,1020,31,19,10,13,5,NA,0,4,NA,99,"EDDH"
"235",2013-08-23,24,18,11,14,11,9,94,63,30,1022,1020,1019,31,16,10,24,11,NA,0,6,NA,94,"EDDH"
"236",2013-08-24,24,18,12,13,10,8,88,57,28,1021,1017,1014,31,19,10,27,18,47,0,1,NA,90,"EDDH"
"237",2013-08-25,25,19,13,13,11,7,88,58,22,1018,1015,1014,31,25,10,29,18,42,0,3,NA,69,"EDDH"
"238",2013-08-26,23,17,12,11,9,5,88,60,21,1021,1020,1018,31,31,31,26,16,45,0,NA,NA,60,"EDDH"
"239",2013-08-27,23,17,11,13,10,7,100,65,30,1021,1019,1017,31,13,10,23,10,NA,0,5,"Fog",79,"EDDH"
"240",2013-08-28,24,17,9,16,11,7,100,70,30,1021,1019,1018,31,16,10,14,8,NA,0,2,"Fog",351,"EDDH"
"241",2013-08-29,22,16,9,14,12,9,100,74,42,1022,1021,1019,31,14,7,14,5,NA,0,5,"Fog-Rain",289,"EDDH"
"242",2013-08-30,22,16,9,15,12,9,100,75,43,1021,1018,1017,31,11,5,19,6,NA,0,5,"Fog-Rain",254,"EDDH"
"243",2013-08-31,19,16,12,17,13,7,94,81,48,1021,1017,1016,19,10,4,29,11,NA,4.06,6,"Rain",261,"EDDH"
"244",2013-09-01,17,14,11,12,11,8,94,78,47,1023,1021,1019,31,13,10,27,13,47,0.51,5,"Rain",254,"EDDH"
"245",2013-09-02,17,14,12,16,14,11,100,93,81,1019,1017,1015,31,7,3,34,23,48,7.11,7,"Rain",265,"EDDH"
"246",2013-09-03,20,18,16,17,16,15,100,89,72,1026,1023,1019,26,9,5,24,18,NA,0.51,6,"Rain",287,"EDDH"
"247",2013-09-04,19,17,15,16,15,14,94,84,72,1027,1025,1022,31,15,10,13,6,NA,0,6,"Rain",83,"EDDH"
"248",2013-09-05,25,19,13,16,14,13,94,73,47,1023,1018,1014,31,20,10,24,14,47,0,2,NA,112,"EDDH"
"249",2013-09-06,28,21,14,15,13,9,88,60,29,1015,1012,1010,31,29,26,29,19,NA,0,NA,NA,125,"EDDH"
"250",2013-09-07,26,21,16,17,13,9,83,59,38,1019,1016,1013,31,13,10,18,10,NA,0,4,"Rain-Thunderstorm",104,"EDDH"
"251",2013-09-08,21,17,14,16,12,9,94,70,48,1019,1017,1015,31,13,8,26,13,NA,0.51,6,"Rain",133,"EDDH"
"252",2013-09-09,15,13,10,12,12,9,100,89,72,1019,1015,1013,31,12,4,16,8,NA,22.1,6,"Fog-Rain",279,"EDDH"
"253",2013-09-10,14,11,8,12,10,8,100,90,69,1014,1010,1008,31,10,5,19,8,NA,2.03,6,"Fog-Rain",103,"EDDH"
"254",2013-09-11,15,11,7,11,10,7,100,89,66,1012,1010,1008,26,10,0,19,5,NA,1.02,5,"Fog-Rain",28,"EDDH"
"255",2013-09-12,18,13,8,13,11,8,100,85,59,1016,1014,1012,31,11,0,13,6,NA,0,5,"Fog-Rain",330,"EDDH"
"256",2013-09-13,19,14,11,14,13,11,100,88,64,1018,1017,1016,31,9,1,21,5,NA,0,6,"Fog-Rain",278,"EDDH"
"257",2013-09-14,18,14,10,16,13,10,100,90,64,1017,1012,1008,19,9,5,24,10,NA,0.25,6,"Fog-Rain",152,"EDDH"
"258",2013-09-15,16,14,12,15,11,8,100,81,57,1010,1008,1002,31,14,5,23,14,NA,0.25,6,"Rain",243,"EDDH"
"259",2013-09-16,16,12,8,12,8,4,100,77,43,1003,998,995,31,11,4,34,21,52,0.51,5,"Rain",231,"EDDH"
"260",2013-09-17,16,11,6,8,6,4,93,74,47,1000,999,997,31,14,10,35,18,NA,0,3,NA,219,"EDDH"
"261",2013-09-18,14,11,8,8,8,6,93,79,50,1002,997,994,31,14,10,18,11,NA,0,5,"Rain",294,"EDDH"
"262",2013-09-19,16,11,5,10,8,6,100,82,51,1010,1006,1002,31,13,10,23,10,NA,0,4,"Fog-Rain",249,"EDDH"
"263",2013-09-20,17,13,10,14,11,9,100,91,67,1018,1011,1007,31,9,4,19,11,42,2.03,6,"Fog-Rain",259,"EDDH"
"264",2013-09-21,16,13,9,13,11,9,100,85,58,1026,1023,1018,31,10,1,19,6,NA,0,6,"Fog",263,"EDDH"
"265",2013-09-22,18,14,11,15,13,11,88,84,70,1026,1023,1021,26,11,9,26,13,45,0,6,"Rain",249,"EDDH"
"266",2013-09-23,18,17,15,14,13,12,88,81,61,1022,1021,1019,31,14,10,32,24,48,0,6,"Rain",293,"EDDH"
"267",2013-09-24,16,13,10,14,13,10,100,89,79,1019,1016,1015,31,12,7,58,14,NA,0,6,"Fog-Rain",304,"EDDH"
"268",2013-09-25,13,10,7,11,9,7,100,92,75,1016,1013,1008,31,13,6,21,10,NA,5.08,7,"Fog-Rain",94,"EDDH"
"269",2013-09-26,14,9,5,9,7,5,100,84,51,1020,1014,1007,31,10,5,21,13,NA,0,5,"Fog-Rain",53,"EDDH"
"270",2013-09-27,14,9,3,9,7,3,100,87,58,1020,1019,1017,31,13,10,19,5,NA,0,4,"Fog-Rain",296,"EDDH"
"271",2013-09-28,15,9,3,8,6,3,100,80,45,1018,1017,1016,31,8,0,16,6,NA,0,3,"Fog",40,"EDDH"
"272",2013-09-29,15,9,4,8,5,4,96,72,36,1020,1018,1017,31,13,10,32,14,45,0,2,NA,84,"EDDH"
"273",2013-09-30,14,9,4,6,4,2,93,71,36,1019,1017,1015,10,10,10,32,18,52,0,1,NA,83,"EDDH"
"274",2013-10-01,14,9,3,6,4,3,93,74,39,1022,1019,1018,31,11,10,29,14,NA,0,1,NA,77,"EDDH"
"275",2013-10-02,14,8,3,5,3,0,100,68,28,1026,1024,1022,10,10,10,27,13,NA,0,1,NA,105,"EDDH"
"276",2013-10-03,14,9,3,3,1,0,81,60,27,1027,1025,1021,31,29,26,40,23,60,0,NA,NA,119,"EDDH"
"277",2013-10-04,13,9,4,7,2,0,76,60,37,1022,1019,1016,31,15,10,32,24,NA,0.51,6,"Rain",140,"EDDH"
"278",2013-10-05,16,12,9,14,10,6,100,85,68,1020,1017,1015,26,12,0,14,10,NA,0,6,"Fog-Rain",208,"EDDH"
"279",2013-10-06,16,12,9,13,12,9,100,89,66,1026,1023,1020,31,9,0,11,5,NA,0,6,"Fog-Rain",269,"EDDH"
"280",2013-10-07,17,11,6,11,9,7,100,86,54,1027,1026,1025,19,9,0,19,5,NA,0,5,"Fog",216,"EDDH"
"281",2013-10-08,16,11,7,11,9,7,100,83,55,1027,1024,1021,14,10,8,14,6,NA,0,5,"Fog",210,"EDDH"
"282",2013-10-09,15,13,11,14,12,8,100,89,72,1021,1014,1006,31,8,3,23,13,NA,4.06,6,"Rain",232,"EDDH"
"283",2013-10-10,12,9,7,9,7,5,94,79,53,1014,1007,1004,31,16,10,18,13,NA,0,6,"Rain",220,"EDDH"
"284",2013-10-11,15,12,8,12,11,6,94,83,71,1020,1017,1014,31,7,5,35,19,53,0.25,6,"Rain",44,"EDDH"
"285",2013-10-12,13,12,12,12,12,11,100,91,82,1022,1019,1015,6,5,3,29,21,NA,8.89,6,"Rain",73,"EDDH"
"286",2013-10-13,12,8,5,11,7,4,100,83,57,1020,1018,1014,31,13,5,19,11,NA,0,5,"Fog-Rain",152,"EDDH"
"287",2013-10-14,14,8,3,9,6,3,100,82,55,1020,1017,1014,31,15,10,23,11,NA,0,4,"Fog",123,"EDDH"
"288",2013-10-15,11,9,7,10,8,7,100,91,74,1014,1008,1005,26,11,6,11,8,NA,0.51,6,"Fog-Rain",192,"EDDH"
"289",2013-10-16,12,10,8,10,9,8,100,91,76,1013,1010,1006,11,7,3,14,8,NA,0,6,"Rain",136,"EDDH"
"290",2013-10-17,14,12,9,11,10,9,100,90,77,1011,1005,1001,26,9,6,40,19,47,5.08,6,"Rain",231,"EDDH"
"291",2013-10-18,12,7,3,10,4,-1,94,70,32,1021,1016,1009,31,13,10,26,14,NA,0,3,"Rain",336,"EDDH"
"292",2013-10-19,11,7,3,10,5,2,94,82,64,1021,1014,1007,31,21,10,32,13,NA,0.25,7,"Rain",127,"EDDH"
"293",2013-10-20,17,14,11,14,13,9,94,84,69,1012,1010,1007,31,13,10,21,13,37,3.05,6,"Rain-Thunderstorm",221,"EDDH"
"294",2013-10-21,16,13,12,13,12,11,100,86,69,1013,1011,1008,31,14,6,27,14,NA,0,6,"Rain-Thunderstorm",207,"EDDH"
"295",2013-10-22,20,16,11,15,13,11,94,81,58,1013,1008,1003,31,28,26,24,14,NA,0,6,NA,154,"EDDH"
"296",2013-10-23,19,17,13,14,13,11,88,77,61,1007,1003,1001,31,15,10,32,18,NA,0,5,"Rain",197,"EDDH"
"297",2013-10-24,14,11,6,11,7,4,94,72,40,1019,1014,1007,10,10,10,27,18,NA,0,2,NA,243,"EDDH"
"298",2013-10-25,15,10,4,13,8,4,100,87,62,1020,1015,1009,31,15,6,26,10,NA,0.51,6,"Fog-Rain",137,"EDDH"
"299",2013-10-26,18,16,13,14,13,12,100,84,67,1011,1009,1007,31,12,6,29,19,NA,0,4,"Rain",213,"EDDH"
"300",2013-10-27,17,15,13,13,11,8,94,77,57,1008,1001,996,31,14,10,45,21,63,0.76,3,"Rain",209,"EDDH"
"301",2013-10-28,18,14,12,12,9,7,94,73,38,1000,993,985,31,12,6,66,35,106,6.1,4,"Rain",219,"EDDH"
"302",2013-10-29,12,10,8,8,7,6,93,78,59,1011,1006,1000,31,12,10,39,29,60,3.05,5,"Rain",235,"EDDH"
"303",2013-10-30,12,9,6,8,6,5,93,85,61,1024,1017,1011,31,14,10,27,21,42,3.05,3,"Rain",232,"EDDH"
"304",2013-10-31,12,9,6,7,5,4,93,74,54,1024,1020,1015,31,22,10,29,21,NA,0.51,5,"Rain",205,"EDDH"
"305",2013-11-01,12,10,8,9,8,6,100,84,72,1015,1012,1008,26,12,8,32,21,NA,0,6,"Rain",215,"EDDH"
"306",2013-11-02,11,9,7,10,8,6,100,91,79,1009,1002,999,26,10,3,16,11,NA,5.08,7,"Rain",183,"EDDH"
"307",2013-11-03,12,9,7,10,6,3,94,79,49,999,996,995,31,12,5,42,23,72,0,5,"Rain",218,"EDDH"
"308",2013-11-04,11,8,6,10,6,4,100,89,73,997,987,979,31,10,3,32,23,47,14.99,6,"Rain",218,"EDDH"
"309",2013-11-05,10,8,6,6,5,3,93,81,64,995,992,989,31,12,6,26,21,NA,0.25,5,"Rain",218,"EDDH"
"310",2013-11-06,9,7,5,8,6,3,100,89,66,1001,995,988,31,10,5,26,16,47,4.06,5,"Rain",234,"EDDH"
"311",2013-11-07,13,10,7,12,8,5,100,89,65,1008,1002,994,31,10,3,26,14,35,0.76,6,"Rain",232,"EDDH"
"312",2013-11-08,11,8,6,7,6,6,100,88,69,1010,1008,1002,26,9,0,19,10,NA,0,7,"Fog-Rain",189,"EDDH"
"313",2013-11-09,9,8,7,8,6,3,93,78,57,1006,1002,998,26,10,5,43,27,69,0.51,6,"Rain",214,"EDDH"
"314",2013-11-10,8,6,4,6,4,3,93,86,67,1017,1004,996,31,12,6,24,18,NA,0.25,5,"Rain",267,"EDDH"
"315",2013-11-11,9,4,-1,6,3,-1,100,83,58,1029,1026,1018,31,16,0,21,8,NA,0,4,"Fog",219,"EDDH"
"316",2013-11-12,8,7,6,7,4,1,100,80,52,1028,1024,1022,31,8,2,27,18,NA,2.03,7,"Rain",222,"EDDH"
"317",2013-11-13,10,7,4,7,5,3,100,88,65,1029,1027,1024,31,14,2,21,11,NA,0,2,"Fog-Rain",251,"EDDH"
"318",2013-11-14,8,6,3,5,3,3,100,81,62,1026,1020,1017,26,13,10,23,13,NA,0,6,"Rain",194,"EDDH"
"319",2013-11-15,7,6,4,5,4,3,93,88,77,1031,1027,1021,19,9,6,13,6,NA,0,7,NA,223,"EDDH"
"320",2013-11-16,9,7,5,7,6,4,100,88,71,1031,1028,1025,18,9,3,23,14,NA,0,7,"Fog-Rain",247,"EDDH"
"321",2013-11-17,9,8,7,8,7,6,100,91,80,1027,1024,1020,18,7,1,18,11,NA,0,7,"Rain",246,"EDDH"
"322",2013-11-18,7,6,5,7,5,3,93,90,82,1022,1011,1005,11,7,3,19,13,NA,0,7,"Rain",172,"EDDH"
"323",2013-11-19,6,6,4,5,4,3,100,92,83,1008,1006,1004,26,6,3,21,13,NA,0.25,8,"Rain",239,"EDDH"
"324",2013-11-20,5,1,-2,3,1,-2,100,90,73,1008,1005,1002,31,15,10,14,6,NA,0,6,"Fog",342,"EDDH"
"325",2013-11-21,5,1,-4,1,-2,-4,100,89,59,1009,1005,1003,31,16,10,13,5,NA,0,3,"Fog",1,"EDDH"
"326",2013-11-22,6,2,-1,4,3,1,100,88,74,1016,1013,1009,26,13,10,14,8,NA,0,7,"Rain",14,"EDDH"
"327",2013-11-23,7,3,-1,5,3,-1,100,89,65,1021,1019,1016,27,12,9,14,10,NA,0,6,"Fog-Rain",358,"EDDH"
"328",2013-11-24,6,1,-4,5,-1,-6,100,75,35,1027,1021,1018,31,11,3,27,11,NA,0,4,"Fog-Rain",312,"EDDH"
"329",2013-11-25,4,-1,-6,0,-3,-7,94,83,59,1033,1028,1026,10,10,10,14,6,NA,0,2,NA,330,"EDDH"
"330",2013-11-26,4,-1,-7,0,-3,-6,100,88,52,1034,1033,1032,31,20,10,8,5,NA,0,3,"Fog",287,"EDDH"
"331",2013-11-27,8,3,-3,8,4,-1,100,96,87,1032,1028,1026,26,7,2,23,13,39,0.25,7,"Rain",239,"EDDH"
"332",2013-11-28,9,7,6,8,4,3,100,78,57,1027,1026,1025,31,13,6,35,21,53,0,5,"Rain",295,"EDDH"
"333",2013-11-29,6,4,3,5,4,2,93,86,70,1026,1014,1004,31,12,5,37,18,47,8.89,6,"Rain",255,"EDDH"
"334",2013-11-30,6,4,3,5,3,2,100,86,71,1023,1014,1004,31,14,9,26,18,47,0,6,"Rain",292,"EDDH"
"335",2013-12-01,9,6,1,8,5,0,100,87,69,1030,1024,1022,31,13,5,29,16,50,0.51,4,"Fog-Rain",281,"EDDH"
"336",2013-12-02,5,1,-3,3,0,-3,100,95,80,1036,1033,1030,19,6,0,14,5,NA,0,1,"Fog",180,"EDDH"
"337",2013-12-03,2,0,-2,2,1,-1,100,99,93,1033,1028,1023,11,3,0,16,10,NA,0,7,"Fog",198,"EDDH"
"338",2013-12-04,6,3,1,5,3,1,100,92,85,1024,1020,1017,19,9,3,23,16,NA,1.02,6,"Rain",247,"EDDH"
"339",2013-12-05,5,3,2,3,1,-4,93,84,49,1022,1007,993,26,11,4,60,27,82,7.87,6,"Rain-Snow",247,"EDDH"
"340",2013-12-06,4,2,0,1,-2,-5,93,71,50,1014,1005,999,31,12,3,61,39,87,1.02,4,"Rain-Snow-Hail",296,"EDDH"
"341",2013-12-07,2,1,-1,2,-1,-3,100,86,66,1022,1019,1015,26,11,3,29,16,42,0.51,5,"Rain-Snow",272,"EDDH"
"342",2013-12-08,9,5,1,8,5,1,100,93,76,1021,1017,1014,26,6,1,29,16,48,1.02,7,"Rain",228,"EDDH"
"343",2013-12-09,9,9,8,9,8,7,100,96,90,1029,1021,1015,7,4,2,29,23,47,5.08,7,"Rain",275,"EDDH"
"344",2013-12-10,8,7,5,9,7,4,100,94,83,1035,1033,1029,8,5,1,21,13,NA,0,7,"Rain",242,"EDDH"
"345",2013-12-11,4,4,3,5,3,2,100,91,83,1034,1033,1031,5,4,2,16,11,NA,0,7,NA,232,"EDDH"
"346",2013-12-12,4,2,1,3,2,1,100,98,92,1032,1028,1024,7,3,0,21,13,NA,0,7,"Fog",193,"EDDH"
"347",2013-12-13,4,2,-1,2,1,-1,100,90,78,1025,1022,1021,11,9,6,19,14,NA,0,5,NA,222,"EDDH"
"348",2013-12-14,6,2,-2,5,2,-2,100,93,83,1026,1022,1020,11,6,2,29,13,NA,0.25,6,"Fog-Rain",224,"EDDH"
"349",2013-12-15,8,6,4,7,4,2,93,85,67,1026,1023,1020,31,11,6,34,24,47,2.03,6,"Rain",217,"EDDH"
"350",2013-12-16,11,9,7,7,4,1,93,70,50,1024,1021,1019,31,15,10,34,23,52,0,6,NA,208,"EDDH"
"351",2013-12-17,9,6,3,5,4,3,100,82,56,1026,1022,1019,31,13,3,24,16,NA,0.25,6,"Fog-Rain",238,"EDDH"
"352",2013-12-18,8,6,3,5,4,3,96,84,69,1024,1017,1010,31,12,6,21,14,NA,0,6,"Rain",160,"EDDH"
"353",2013-12-19,8,6,4,7,5,3,96,87,70,1013,1005,1002,27,12,6,29,19,NA,3.05,6,"Fog-Rain",192,"EDDH"
"354",2013-12-20,5,3,2,4,3,2,100,93,81,1024,1018,1013,26,8,0,27,14,NA,0,5,"Fog-Rain",206,"EDDH"
"355",2013-12-21,8,6,3,3,2,-2,93,69,43,1024,1019,1012,31,16,10,40,32,61,0,7,"Rain",213,"EDDH"
"356",2013-12-22,9,7,4,7,4,-3,93,79,39,1013,1010,1007,31,13,6,37,29,60,2.03,6,"Rain",219,"EDDH"
"357",2013-12-23,10,7,4,5,3,2,87,78,62,1014,1009,998,31,13,10,35,23,61,0,4,"Rain",208,"EDDH"
"358",2013-12-24,14,10,7,8,5,3,93,60,46,999,991,988,31,11,10,45,35,64,0,6,"Rain",191,"EDDH"
"359",2013-12-25,12,7,2,8,6,1,100,83,61,995,990,984,31,13,10,40,16,50,0,6,"Rain",200,"EDDH"
"360",2013-12-26,5,3,1,5,3,0,100,96,89,1000,997,995,31,10,3,11,5,NA,2.03,7,"Fog-Rain",24,"EDDH"
"361",2013-12-27,10,7,3,5,3,1,100,79,55,1002,998,994,31,13,3,40,21,55,0,6,"Rain",190,"EDDH"
"362",2013-12-28,7,6,5,7,6,4,100,89,66,1004,999,995,31,12,3,27,14,NA,1.02,6,"Rain",211,"EDDH"
"363",2013-12-29,6,5,4,5,4,3,100,88,77,1019,1010,1004,19,9,6,26,16,NA,0.76,6,"Rain",233,"EDDH"
"364",2013-12-30,6,4,2,4,2,-1,93,79,61,1024,1021,1018,31,14,8,29,23,NA,0,4,"Rain",197,"EDDH"
"365",2013-12-31,6,4,2,2,1,-1,87,74,60,1019,1016,1010,31,14,10,27,19,NA,0,3,"Rain",161,"EDDH"
"366",2014-01-01,7,4,1,3,1,-2,93,82,67,1011,1009,1004,31,15,6,26,18,NA,0.51,5,"Rain",161,"EDDH"
"367",2014-01-02,9,6,2,7,4,1,93,87,72,1005,1001,999,31,14,9,27,23,52,1.02,6,"Rain",163,"EDDH"
"368",2014-01-03,10,7,4,7,5,2,93,86,73,1006,1003,1001,31,15,5,40,19,61,0.51,5,"Rain",178,"EDDH"
"369",2014-01-04,7,6,4,4,3,2,87,78,63,1007,1004,997,31,21,10,32,23,NA,0,4,NA,171,"EDDH"
"370",2014-01-05,7,4,2,6,3,1,100,87,73,1010,1003,996,31,14,6,23,14,NA,0.76,5,"Rain",211,"EDDH"
"371",2014-01-06,11,6,2,9,5,0,94,87,78,1009,1005,1002,31,13,6,32,21,52,4.06,6,"Rain",173,"EDDH"
"372",2014-01-07,11,9,7,9,7,6,94,77,61,1010,1008,1002,31,12,10,37,26,58,0,5,"Rain",212,"EDDH"
"373",2014-01-08,9,8,8,8,6,5,100,83,68,1015,1012,1009,31,13,8,29,21,NA,4.06,6,"Rain",232,"EDDH"
"374",2014-01-09,12,9,6,9,6,4,94,84,65,1015,1003,995,31,14,10,40,23,69,2.03,6,"Rain",207,"EDDH"
"375",2014-01-10,7,6,5,5,4,3,93,84,74,1013,1009,1001,31,14,10,32,24,52,1.02,6,"Rain",253,"EDDH"
"376",2014-01-11,6,4,3,4,3,1,94,88,78,1014,1011,1007,31,11,5,32,21,40,2.03,6,"Rain-Thunderstorm",243,"EDDH"
"377",2014-01-12,6,3,1,3,2,0,100,86,69,1021,1018,1015,31,14,9,35,19,53,0,3,"Rain-Thunderstorm",257,"EDDH"
"378",2014-01-13,6,3,0,5,2,-1,100,90,75,1017,1010,1008,31,12,3,26,13,NA,2.03,6,"Rain",165,"EDDH"
"379",2014-01-14,6,3,1,4,3,1,100,96,77,1010,1008,1007,16,7,0,18,8,NA,0,6,"Fog",119,"EDDH"
"380",2014-01-15,4,3,2,3,2,2,100,96,87,1010,1009,1006,7,4,1,23,13,NA,0.51,7,"Fog-Rain",135,"EDDH"
"381",2014-01-16,5,3,2,5,3,1,100,95,87,1007,1002,999,6,5,3,26,21,NA,1.02,7,"Rain",133,"EDDH"
"382",2014-01-17,8,6,4,6,6,4,100,91,80,1003,1001,999,26,12,6,19,13,NA,0.51,6,"Rain",155,"EDDH"
"383",2014-01-18,8,6,4,6,4,3,93,88,72,1006,1005,1003,31,14,10,29,16,NA,0,6,"Rain",128,"EDDH"
"384",2014-01-19,3,2,0,3,1,-1,100,89,84,1007,1006,1005,10,7,5,35,27,48,0,8,NA,96,"EDDH"
"385",2014-01-20,-1,-1,-2,0,-2,-3,100,92,85,1011,1008,1007,10,6,4,26,18,NA,0,8,"Rain",83,"EDDH"
"386",2014-01-21,-1,-2,-2,-2,-3,-3,100,90,84,1015,1013,1011,10,8,5,16,11,NA,0,7,"Snow",83,"EDDH"
"387",2014-01-22,-3,-3,-4,-3,-5,-6,93,85,74,1020,1016,1014,11,8,3,26,18,NA,0,7,"Snow",102,"EDDH"
"388",2014-01-23,-3,-4,-5,-5,-6,-6,93,86,77,1020,1017,1014,14,8,5,32,23,45,0,7,"Rain-Snow",116,"EDDH"
"389",2014-01-24,-6,-7,-8,-6,-8,-12,93,82,66,1025,1020,1014,11,7,6,26,21,NA,0,6,"Snow",91,"EDDH"
"390",2014-01-25,-9,-11,-12,-11,-13,-14,86,76,64,1026,1022,1012,16,10,8,34,21,NA,0,6,NA,122,"EDDH"
"391",2014-01-26,-9,-11,-12,-10,-13,-15,93,75,61,1014,1009,997,18,9,5,34,26,52,0,6,"Snow",116,"EDDH"
"392",2014-01-27,4,-3,-11,1,-3,-11,100,89,69,1000,994,990,14,7,2,29,21,45,0,5,"Snow",140,"EDDH"
"393",2014-01-28,0,-2,-3,-1,-2,-3,100,93,86,1007,1003,999,7,5,3,29,18,NA,0,8,NA,116,"EDDH"
"394",2014-01-29,-5,-6,-6,-3,-7,-9,93,80,65,1012,1008,1006,18,9,6,29,24,NA,0,7,"Snow",100,"EDDH"
"395",2014-01-30,-3,-5,-7,-7,-7,-9,86,80,71,1014,1012,1011,18,10,8,23,18,NA,0,6,NA,102,"EDDH"
"396",2014-01-31,-2,-4,-6,-4,-6,-8,93,84,74,1014,1010,1005,10,7,6,23,16,NA,0,6,NA,119,"EDDH"
"397",2014-02-01,4,0,-4,3,0,-4,100,86,73,1006,1001,998,14,8,5,29,19,NA,4.06,7,"Rain",157,"EDDH"
"398",2014-02-02,7,3,0,3,1,0,100,86,62,1018,1011,1005,31,20,14,19,13,NA,0,NA,NA,161,"EDDH"
"399",2014-02-03,3,1,-2,2,0,-2,100,93,77,1019,1015,1009,19,10,3,26,10,NA,0,7,"Fog",111,"EDDH"
"400",2014-02-04,6,3,0,2,0,-1,100,85,66,1010,1009,1007,19,9,6,19,16,NA,0,7,NA,145,"EDDH"
"401",2014-02-05,3,1,-2,1,-1,-2,100,87,74,1008,1001,997,18,8,6,26,14,NA,0,5,NA,136,"EDDH"
"402",2014-02-06,9,6,2,4,2,0,87,71,57,1003,1000,997,31,14,10,34,21,48,0,6,"Rain",187,"EDDH"
"403",2014-02-07,12,8,4,7,4,2,93,81,60,998,990,985,31,12,10,58,27,80,5.08,6,"Rain",188,"EDDH"
"404",2014-02-08,8,6,3,5,3,1,93,81,60,999,993,988,31,14,10,32,24,NA,0.51,6,"Rain",180,"EDDH"
"405",2014-02-09,8,7,4,3,2,-1,87,68,43,994,990,987,31,11,10,45,26,63,0.76,6,"Rain",200,"EDDH"
"406",2014-02-10,8,4,2,2,0,-1,81,70,53,999,997,995,31,22,10,32,19,NA,0,4,NA,144,"EDDH"
"407",2014-02-11,7,4,2,3,2,-1,95,80,58,1000,998,995,31,12,6,32,16,NA,0,6,"Rain",203,"EDDH"
"408",2014-02-12,8,6,3,3,1,-1,93,73,47,1006,1002,996,31,15,9,37,24,50,0,4,"Rain",201,"EDDH"
"409",2014-02-13,8,6,2,3,2,-1,96,71,47,997,994,992,31,13,9,39,27,55,0,6,"Rain",210,"EDDH"
"410",2014-02-14,7,4,1,3,2,0,100,83,62,1007,1002,996,31,12,6,40,18,58,0.25,6,"Rain",203,"EDDH"
"411",2014-02-15,13,9,4,6,3,1,87,63,39,998,994,991,31,11,10,45,34,71,0,6,"Rain",189,"EDDH"
"412",2014-02-16,8,6,4,4,3,1,87,75,54,1009,1002,996,31,13,10,43,32,66,0,4,"Rain",240,"EDDH"
"413",2014-02-17,7,3,-1,4,2,-1,100,85,68,1016,1012,1008,19,11,5,19,13,NA,0,4,"Fog",227,"EDDH"
"414",2014-02-18,9,4,-1,4,2,-1,100,83,55,1017,1013,1009,31,10,0,19,10,NA,0,7,"Fog",166,"EDDH"
"415",2014-02-19,8,6,3,6,4,1,100,90,72,1012,1009,1007,26,9,3,19,11,NA,0.25,7,"Rain",229,"EDDH"
"416",2014-02-20,11,7,3,6,4,2,100,78,48,1012,1008,1003,31,11,6,29,16,NA,0,6,"Rain",196,"EDDH"
"417",2014-02-21,9,6,3,7,5,2,100,86,71,1007,1003,1001,31,13,8,29,18,NA,2.03,5,"Rain-Hail",224,"EDDH"
"418",2014-02-22,7,4,2,3,2,1,93,80,68,1017,1010,1007,31,14,10,35,23,NA,0,4,"Rain",212,"EDDH"
"419",2014-02-23,10,7,3,3,2,0,93,73,44,1021,1019,1017,31,17,10,32,18,NA,0,3,NA,188,"EDDH"
"420",2014-02-24,12,7,1,2,1,0,87,66,36,1020,1016,1013,31,31,31,34,18,NA,0,NA,NA,148,"EDDH"
"421",2014-02-25,14,8,3,4,2,-1,81,62,38,1013,1010,1008,31,27,26,23,14,NA,0,8,NA,151,"EDDH"
"422",2014-02-26,11,7,1,6,4,1,100,75,54,1019,1015,1011,26,17,8,14,10,NA,0,6,"Fog-Rain",191,"EDDH"
"423",2014-02-27,11,4,-2,4,2,-2,100,80,48,1019,1014,1008,19,9,1,26,8,NA,0,2,"Fog",147,"EDDH"
"424",2014-02-28,7,3,0,4,3,-1,100,87,74,1009,1005,1003,19,10,3,14,10,NA,2.03,5,"Fog-Rain",142,"EDDH"
"425",2014-03-01,8,3,-2,4,1,-2,100,84,56,1005,1003,1001,19,9,1,21,8,NA,0,7,"Fog-Rain",87,"EDDH"
"426",2014-03-02,7,4,2,4,2,-1,97,80,57,1003,1002,1000,26,12,9,24,13,NA,0,5,"Rain",182,"EDDH"
"427",2014-03-03,11,6,1,4,2,-1,93,73,48,1000,995,991,19,10,6,29,16,NA,0,5,NA,122,"EDDH"
"428",2014-03-04,9,4,-1,5,3,0,100,79,54,1009,1003,998,11,8,6,11,5,NA,0,6,NA,9,"EDDH"
"429",2014-03-05,11,7,2,5,3,2,100,83,47,1026,1017,1008,13,6,0,18,6,NA,0,5,"Fog",329,"EDDH"
"430",2014-03-06,11,7,2,5,3,1,100,85,43,1030,1028,1026,14,3,0,18,10,NA,0,5,"Fog",167,"EDDH"
"431",2014-03-07,13,8,3,7,3,2,93,70,35,1028,1025,1022,14,8,5,29,14,NA,0,7,"Rain",196,"EDDH"
"432",2014-03-08,12,5,-2,6,0,-4,100,62,25,1035,1032,1027,31,22,10,27,11,NA,0,3,"Fog",165,"EDDH"
"433",2014-03-09,20,12,3,4,3,1,87,57,21,1031,1028,1027,31,13,8,21,14,NA,0,NA,NA,158,"EDDH"
"434",2014-03-10,18,11,3,6,3,-1,87,57,18,1029,1026,1024,26,21,9,21,11,NA,0,NA,NA,242,"EDDH"
"435",2014-03-11,13,8,3,6,2,-4,93,69,26,1037,1034,1029,31,14,8,26,14,NA,0,4,NA,46,"EDDH"
"436",2014-03-12,14,6,-2,2,0,-3,100,66,21,1037,1035,1031,31,19,10,14,6,NA,0,NA,"Fog",86,"EDDH"
"437",2014-03-13,16,8,0,3,1,-3,93,63,19,1032,1028,1026,31,22,10,16,6,NA,0,NA,"Fog",358,"EDDH"
"438",2014-03-14,9,6,2,6,4,2,100,89,68,1028,1023,1010,14,7,0,32,13,50,1.02,7,"Fog-Rain",265,"EDDH"
"439",2014-03-15,10,8,5,6,4,2,93,74,50,1014,1011,1007,31,12,3,50,37,77,0,6,"Rain",284,"EDDH"
"440",2014-03-16,9,8,6,8,7,6,100,88,77,1012,1009,1006,19,9,3,48,37,74,0.25,7,"Rain",284,"EDDH"
"441",2014-03-17,10,9,7,7,7,6,88,83,73,1016,1013,1011,19,12,10,29,24,48,0,7,"Rain",271,"EDDH"
"442",2014-03-18,11,9,7,7,6,4,93,80,63,1015,1010,1007,19,10,6,24,18,NA,2.03,6,"Rain",250,"EDDH"
"443",2014-03-19,12,9,6,7,6,4,94,80,58,1016,1013,1007,31,13,6,40,19,60,0,6,"Rain",261,"EDDH"
"444",2014-03-20,19,12,6,6,4,1,87,55,23,1017,1012,1003,31,27,26,35,21,NA,0,NA,NA,214,"EDDH"
"445",2014-03-21,11,7,3,9,5,2,98,79,34,1010,1005,1002,31,11,6,32,18,NA,8.89,6,"Rain",252,"EDDH"
"446",2014-03-22,12,7,2,6,3,1,100,84,49,1009,1003,999,26,12,6,29,14,NA,1.02,6,"Rain",193,"EDDH"
"447",2014-03-23,11,6,1,5,2,-1,100,79,34,1008,1004,1001,31,14,10,26,14,NA,0,3,"Rain",246,"EDDH"
"448",2014-03-24,9,4,0,4,2,0,100,83,43,1013,1011,1008,31,13,0,23,5,NA,0,4,"Fog-Rain",308,"EDDH"
"449",2014-03-25,11,5,-1,2,1,-3,100,71,31,1013,1012,1010,31,15,10,21,8,NA,0,3,"Fog",346,"EDDH"
"450",2014-03-26,11,7,2,2,1,-2,87,65,28,1021,1015,1010,31,14,10,29,13,NA,0,5,"Rain",146,"EDDH"
"451",2014-03-27,11,6,1,4,2,1,94,82,53,1022,1020,1017,31,15,10,27,18,NA,0,4,NA,64,"EDDH"
"452",2014-03-28,7,4,1,6,4,1,100,91,76,1024,1023,1021,26,9,3,21,14,NA,0,7,"Rain",70,"EDDH"
"453",2014-03-29,16,9,3,7,6,3,100,79,41,1025,1023,1021,14,6,2,19,10,NA,0,6,"Fog",105,"EDDH"
"454",2014-03-30,18,11,3,9,6,3,100,75,30,1022,1018,1015,11,6,0,18,6,NA,0,3,"Fog",80,"EDDH"
"455",2014-03-31,15,10,5,7,6,4,100,78,43,1016,1015,1014,11,8,3,14,5,NA,0,6,"Fog",342,"EDDH"
"456",2014-04-01,11,6,2,7,5,2,100,90,75,1015,1014,1012,16,4,0,23,8,NA,0,6,"Fog",65,"EDDH"
"457",2014-04-02,19,12,5,10,7,4,93,76,43,1013,1009,1005,11,7,3,18,13,NA,0,4,NA,109,"EDDH"
"458",2014-04-03,14,9,4,8,6,3,100,81,53,1009,1006,1004,14,6,3,24,10,NA,0,1,"Fog",47,"EDDH"
"459",2014-04-04,7,6,4,6,4,2,100,86,73,1013,1011,1009,19,8,5,23,18,NA,12.95,7,"Rain",93,"EDDH"
"460",2014-04-05,10,8,6,9,7,6,100,94,87,1017,1014,1013,8,5,2,18,11,NA,3.05,7,"Fog-Rain",148,"EDDH"
"461",2014-04-06,15,11,7,13,11,8,100,94,78,1017,1016,1015,26,5,0,21,11,NA,7.87,7,"Fog-Rain",195,"EDDH"
"462",2014-04-07,19,15,11,13,12,11,100,80,59,1015,1013,1007,31,14,10,24,14,NA,0,6,"Rain",218,"EDDH"
"463",2014-04-08,14,10,6,12,8,4,93,80,62,1014,1008,1004,31,14,8,53,21,77,3.05,6,"Rain-Hail",244,"EDDH"
"464",2014-04-09,11,8,5,7,6,4,100,82,62,1019,1017,1014,31,14,10,37,21,60,0,6,"Rain",280,"EDDH"
"465",2014-04-10,11,9,6,9,7,4,94,83,71,1022,1020,1019,31,13,9,21,13,NA,0,6,"Rain",300,"EDDH"
"466",2014-04-11,14,9,5,8,6,5,100,79,49,1020,1019,1018,31,11,7,21,8,NA,0,4,"Fog-Rain",296,"EDDH"
"467",2014-04-12,13,7,1,8,4,1,100,77,37,1020,1017,1014,31,8,0,23,8,37,0.76,6,"Fog-Rain",273,"EDDH"
"468",2014-04-13,13,10,7,7,5,3,95,72,46,1015,1014,1011,31,12,9,37,19,52,0.51,4,"Rain",267,"EDDH"
"469",2014-04-14,9,7,4,6,3,0,93,75,44,1015,1009,1005,31,12,3,47,27,80,2.03,5,"Rain-Hail",285,"EDDH"
"470",2014-04-15,12,8,2,3,1,-3,87,60,26,1027,1021,1015,31,11,10,32,24,45,0,2,NA,330,"EDDH"
"471",2014-04-16,13,6,-2,2,-1,-4,100,61,21,1032,1030,1028,10,10,10,14,6,NA,0,1,NA,319,"EDDH"
"472",2014-04-17,16,9,3,7,2,-1,93,56,29,1028,1019,1009,19,11,8,35,14,40,0,6,"Rain",210,"EDDH"
"473",2014-04-18,10,8,4,6,5,3,93,85,58,1016,1010,1007,31,13,8,23,14,47,7.11,6,"Rain",321,"EDDH"
"474",2014-04-19,16,9,2,8,5,2,100,74,35,1022,1020,1016,31,18,10,32,13,39,0,1,NA,54,"EDDH"
"475",2014-04-20,20,13,7,12,9,6,93,73,50,1018,1013,1010,31,17,10,29,18,48,0,2,NA,57,"EDDH"
"476",2014-04-21,18,13,8,11,9,7,100,84,53,1012,1009,1007,31,12,6,35,16,52,4.06,6,"Rain-Thunderstorm",61,"EDDH"
"477",2014-04-22,19,14,8,13,11,8,100,84,48,1015,1011,1008,26,13,8,19,11,NA,6.1,5,"Fog-Rain-Thunderstorm",76,"EDDH"
"478",2014-04-23,17,13,9,13,11,9,100,89,70,1022,1019,1016,31,9,1,19,8,NA,0,7,"Fog-Rain",50,"EDDH"
"479",2014-04-24,13,10,7,11,8,6,100,90,78,1023,1022,1020,14,8,2,19,11,NA,0,7,NA,59,"EDDH"
"480",2014-04-25,22,14,7,14,10,7,100,79,41,1021,1016,1014,31,11,0,26,13,NA,0,4,"Fog",64,"EDDH"
"481",2014-04-26,22,14,7,13,10,5,87,69,44,1015,1012,1008,31,19,10,26,13,40,0,3,NA,78,"EDDH"
"482",2014-04-27,21,16,10,12,9,7,88,67,34,1010,1008,1007,31,20,10,35,18,NA,0,5,NA,75,"EDDH"
"483",2014-04-28,21,14,9,10,8,5,94,68,31,1013,1011,1010,31,19,10,24,13,NA,0,3,NA,63,"EDDH"
"484",2014-04-29,21,13,6,7,4,2,87,53,21,1014,1012,1010,31,28,10,21,6,NA,0,NA,NA,60,"EDDH"
"485",2014-04-30,20,13,7,8,5,1,82,52,19,1011,1010,1009,31,31,31,11,5,NA,0,NA,NA,317,"EDDH"
"486",2014-05-01,15,11,7,8,5,0,100,67,31,1014,1012,1010,26,10,6,26,11,NA,0,5,"Rain",7,"EDDH"
"487",2014-05-02,11,8,3,4,-1,-7,75,50,23,1024,1019,1014,31,16,10,27,18,NA,0,6,"Rain",50,"EDDH"
"488",2014-05-03,13,6,-2,3,1,-2,100,63,26,1025,1024,1023,10,10,10,29,8,NA,0,4,NA,324,"EDDH"
"489",2014-05-04,10,8,5,3,2,1,87,63,48,1024,1022,1021,10,10,10,29,14,NA,0,6,"Rain",303,"EDDH"
"490",2014-05-05,14,9,4,6,5,3,96,72,48,1022,1019,1015,31,15,10,14,5,NA,0,6,"Rain",116,"EDDH"
"491",2014-05-06,19,14,9,12,7,3,94,64,42,1016,1010,1006,31,14,10,32,16,42,0,6,"Fog-Rain",158,"EDDH"
"492",2014-05-07,15,12,9,12,10,8,100,87,57,1009,1006,1003,31,12,6,24,13,NA,7.11,6,"Fog-Rain-Thunderstorm",234,"EDDH"
"493",2014-05-08,13,11,9,11,9,8,100,92,82,1009,1008,1005,26,10,4,35,16,NA,13.97,6,"Rain",218,"EDDH"
"494",2014-05-09,15,12,9,12,10,8,100,91,66,1008,1005,1003,26,9,3,29,13,55,9.91,6,"Rain-Thunderstorm",220,"EDDH"
"495",2014-05-10,15,11,8,11,9,7,100,87,56,1010,1006,998,31,11,6,29,19,40,3.05,6,"Rain",218,"EDDH"
"496",2014-05-11,13,11,9,11,8,7,100,84,64,1000,998,996,31,14,7,37,24,60,0.25,6,"Rain",225,"EDDH"
"497",2014-05-12,12,11,9,10,9,7,100,88,76,1008,1003,1000,31,12,6,26,19,NA,10.92,5,"Rain",242,"EDDH"
"498",2014-05-13,13,10,7,8,6,3,93,75,44,1017,1012,1008,31,11,10,34,16,52,0.51,4,"Rain",274,"EDDH"
"499",2014-05-14,13,9,6,6,4,2,93,70,38,1028,1022,1017,31,14,10,35,18,52,0,4,"Rain",291,"EDDH"
"500",2014-05-15,15,11,7,9,8,6,100,81,52,1035,1032,1028,31,13,6,23,10,NA,0,5,"Fog",319,"EDDH"
"501",2014-05-16,18,10,3,10,6,2,100,73,25,1035,1031,1027,31,15,10,26,10,42,0,1,"Fog",323,"EDDH"
"502",2014-05-17,20,12,4,11,8,4,100,76,36,1027,1023,1019,31,10,0,16,10,NA,0,3,"Fog",338,"EDDH"
"503",2014-05-18,19,12,6,12,9,5,100,77,48,1020,1015,1012,31,15,5,21,10,NA,0,7,"Rain",19,"EDDH"
"504",2014-05-19,18,14,10,12,11,9,100,82,51,1012,1011,1010,18,9,3,14,8,NA,0,6,"Rain",87,"EDDH"
"505",2014-05-20,27,18,9,17,12,6,100,67,23,1014,1013,1011,31,22,10,23,8,NA,0,3,"Fog-Thunderstorm",86,"EDDH"
"506",2014-05-21,28,21,14,16,13,9,94,56,23,1013,1012,1010,31,21,2,19,10,NA,0,NA,"Fog",137,"EDDH"
"507",2014-05-22,29,23,17,17,13,10,78,52,29,1011,1008,1007,31,19,10,32,14,NA,0,2,NA,137,"EDDH"
"508",2014-05-23,18,14,12,16,14,11,100,88,71,1013,1009,1006,31,13,4,29,16,NA,7.11,6,"Fog-Rain-Thunderstorm",289,"EDDH"
"509",2014-05-24,22,15,8,14,12,9,100,78,39,1017,1014,1013,31,8,0,29,5,NA,7.11,4,"Fog-Rain-Thunderstorm",60,"EDDH"
"510",2014-05-25,22,17,11,14,11,7,100,71,31,1021,1019,1017,31,11,0,18,6,NA,0,3,"Fog-Rain",277,"EDDH"
"511",2014-05-26,22,16,10,14,12,9,100,70,45,1022,1019,1015,31,15,8,35,13,42,0,3,"Fog",54,"EDDH"
"512",2014-05-27,18,14,11,12,11,8,94,80,57,1016,1013,1013,31,15,10,32,19,47,1.02,6,"Rain",55,"EDDH"
"513",2014-05-28,12,10,9,8,7,3,87,76,59,1018,1015,1013,31,13,10,34,27,50,0,6,"Rain",68,"EDDH"
"514",2014-05-29,15,10,5,5,4,3,87,63,39,1021,1019,1017,31,11,10,32,16,50,0,4,NA,58,"EDDH"
"515",2014-05-30,19,11,3,10,6,2,100,65,32,1022,1021,1020,31,12,10,23,10,39,0,1,"Fog",302,"EDDH"
"516",2014-05-31,17,13,9,10,9,6,94,75,51,1021,1020,1019,31,13,10,32,16,NA,0,4,NA,284,"EDDH"
"517",2014-06-01,14,11,7,9,8,6,100,79,58,1021,1020,1019,31,16,10,18,10,NA,0,5,"Rain",283,"EDDH"
"518",2014-06-02,21,13,5,10,7,4,100,64,24,1022,1020,1017,31,16,10,14,5,NA,0,2,"Fog",82,"EDDH"
"519",2014-06-03,23,15,7,10,8,4,100,60,20,1019,1015,1012,31,16,10,13,5,NA,0,3,"Fog",49,"EDDH"
"520",2014-06-04,24,17,11,13,9,4,88,56,20,1013,1009,1006,31,13,10,23,11,NA,0,4,"Rain",108,"EDDH"
"521",2014-06-05,18,14,12,14,10,6,95,70,39,1015,1009,1005,31,11,4,35,16,NA,6.1,5,"Rain",205,"EDDH"
"522",2014-06-06,21,17,12,11,8,5,88,56,27,1017,1016,1015,31,19,10,29,18,NA,0,3,"Rain",233,"EDDH"
"523",2014-06-07,26,18,10,14,11,8,94,59,30,1017,1016,1015,31,25,18,18,8,NA,0,NA,NA,57,"EDDH"
"524",2014-06-08,27,20,13,18,15,10,100,72,46,1021,1017,1016,31,15,4,37,10,NA,4.06,5,"Fog-Rain-Thunderstorm",43,"EDDH"
"525",2014-06-09,26,19,13,19,16,14,100,84,43,1022,1019,1017,31,8,0,21,10,NA,3.05,6,"Fog-Rain-Thunderstorm",45,"EDDH"
"526",2014-06-10,30,23,16,20,17,16,100,72,42,1021,1018,1015,31,16,10,24,11,NA,0,5,"Rain",126,"EDDH"
"527",2014-06-11,22,19,14,19,15,10,88,73,45,1026,1023,1020,31,14,10,26,13,NA,0,5,"Rain-Thunderstorm",308,"EDDH"
"528",2014-06-12,21,14,8,13,11,9,100,72,44,1027,1026,1023,31,12,10,26,11,NA,0,3,"Fog",300,"EDDH"
"529",2014-06-13,18,16,13,14,12,9,94,77,49,1024,1019,1017,31,11,9,34,14,53,0.76,6,"Rain",284,"EDDH"
"530",2014-06-14,21,17,12,13,9,7,94,67,32,1020,1018,1017,31,14,10,23,13,37,0,5,"Rain",350,"EDDH"
"531",2014-06-15,22,15,8,11,8,4,100,61,24,1022,1021,1020,31,11,10,23,6,32,0,3,NA,340,"EDDH"
"532",2014-06-16,18,13,8,13,11,8,96,80,63,1022,1019,1017,31,13,9,23,11,NA,0,6,"Fog-Rain",267,"EDDH"
"533",2014-06-17,23,17,12,14,10,2,100,63,16,1021,1020,1018,31,11,8,21,8,NA,0,3,NA,347,"EDDH"
"534",2014-06-18,19,14,9,13,11,9,100,76,52,1021,1020,1018,31,13,10,29,13,NA,0,5,"Fog-Rain",279,"EDDH"
"535",2014-06-19,17,14,13,13,11,9,94,76,52,1018,1014,1012,31,14,5,37,21,55,0.25,6,"Rain",283,"EDDH"
"536",2014-06-20,17,14,12,12,8,7,89,67,41,1015,1013,1011,31,12,8,37,24,58,0,5,"Rain",298,"EDDH"
"537",2014-06-21,18,14,11,12,10,9,94,77,52,1015,1014,1014,31,14,10,35,18,55,0.76,5,"Rain",282,"EDDH"
"538",2014-06-22,16,13,11,12,8,5,94,71,42,1020,1016,1014,31,12,10,34,18,48,0,4,"Rain",283,"EDDH"
"539",2014-06-23,18,13,8,11,8,6,87,66,41,1021,1020,1018,31,10,10,32,16,50,0.25,5,"Rain",281,"EDDH"
"540",2014-06-24,16,13,11,12,11,9,97,79,58,1019,1016,1015,31,12,5,19,13,NA,0,6,"Rain",315,"EDDH"
"541",2014-06-25,21,14,8,11,9,4,100,68,33,1016,1015,1014,31,13,10,27,8,35,0,4,"Rain",14,"EDDH"
"542",2014-06-26,22,14,8,12,9,4,100,69,26,1017,1016,1015,31,11,10,19,6,NA,0,3,"Rain",105,"EDDH"
"543",2014-06-27,23,17,10,15,11,7,94,70,28,1016,1014,1012,31,14,10,19,10,NA,2.03,6,"Fog-Rain",136,"EDDH"
"544",2014-06-28,21,17,13,15,13,10,94,75,45,1012,1010,1007,26,13,5,26,10,NA,3.05,6,"Rain-Thunderstorm",238,"EDDH"
"545",2014-06-29,19,16,13,14,12,9,100,79,44,1009,1007,1005,31,10,3,21,8,NA,0.76,5,"Rain",285,"EDDH"
"546",2014-06-30,19,14,10,13,10,8,100,75,41,1015,1012,1009,31,14,10,29,11,NA,1.02,3,"Rain-Thunderstorm",294,"EDDH"
"547",2014-07-01,17,13,10,12,10,9,96,79,52,1018,1017,1015,31,15,10,21,11,NA,1.02,5,"Rain-Thunderstorm",260,"EDDH"
"548",2014-07-02,19,14,11,13,11,9,100,78,48,1022,1020,1018,31,13,10,29,14,NA,0.25,4,"Rain",278,"EDDH"
"549",2014-07-03,23,16,9,12,10,7,100,64,31,1023,1021,1018,31,23,10,24,11,37,0,5,NA,225,"EDDH"
"550",2014-07-04,28,20,12,16,11,9,94,53,20,1018,1013,1008,31,31,31,26,8,39,0,NA,"Rain",176,"EDDH"
"551",2014-07-05,29,23,18,19,16,13,94,68,30,1008,1005,1003,31,15,9,45,10,66,4.06,5,"Rain-Thunderstorm",179,"EDDH"
"552",2014-07-06,28,22,16,18,17,15,100,68,35,1010,1008,1007,31,16,10,26,13,NA,0,3,"Fog-Rain",170,"EDDH"
"553",2014-07-07,23,20,17,17,14,10,88,66,43,1018,1014,1007,31,16,10,21,14,NA,0,5,"Rain-Thunderstorm",297,"EDDH"
"554",2014-07-08,23,18,14,20,17,13,100,91,75,1017,1009,1004,26,10,2,14,8,NA,9.91,6,"Rain-Thunderstorm",8,"EDDH"
"555",2014-07-09,28,23,17,21,19,17,100,80,50,1007,1004,1002,31,11,5,32,11,42,0,4,"Rain",40,"EDDH"
"556",2014-07-10,27,22,18,19,17,15,94,70,46,1012,1009,1007,31,17,10,29,16,NA,0,1,NA,45,"EDDH"
"557",2014-07-11,24,20,17,17,14,11,94,68,40,1015,1014,1013,31,16,10,29,16,NA,0,2,NA,44,"EDDH"
"558",2014-07-12,22,17,12,13,12,10,94,66,40,1015,1013,1011,31,14,10,23,11,NA,0,3,NA,42,"EDDH"
"559",2014-07-13,22,18,14,15,14,12,100,84,47,1011,1007,1004,31,14,5,29,10,39,3.05,6,"Rain",200,"EDDH"
"560",2014-07-14,22,19,15,16,16,14,100,83,57,1014,1008,1004,26,11,6,26,18,NA,0,6,"Rain",257,"EDDH"
"561",2014-07-15,23,19,14,16,14,12,100,71,43,1020,1017,1014,31,14,10,23,13,NA,0,4,NA,247,"EDDH"
"562",2014-07-16,23,19,14,16,14,12,100,71,41,1022,1021,1020,31,13,5,16,8,NA,0,3,"Fog",281,"EDDH"
"563",2014-07-17,26,18,11,15,13,10,100,67,36,1023,1022,1020,31,17,10,14,5,NA,0,3,"Fog",356,"EDDH"
"564",2014-07-18,29,22,16,16,14,13,82,56,31,1022,1019,1017,31,31,31,19,10,NA,0,NA,NA,108,"EDDH"
"565",2014-07-19,31,25,19,17,14,11,78,50,21,1018,1015,1013,31,20,10,26,14,39,0,1,NA,102,"EDDH"
"566",2014-07-20,31,23,16,20,16,11,82,58,33,1014,1011,1009,31,18,10,24,14,NA,0,7,"Rain",69,"EDDH"
"567",2014-07-21,28,23,18,19,17,15,88,69,43,1016,1012,1010,31,17,3,32,18,45,0,6,"Rain",45,"EDDH"
"568",2014-07-22,27,21,16,18,16,13,100,68,35,1021,1019,1016,31,16,8,29,16,NA,0,3,NA,42,"EDDH"
"569",2014-07-23,27,21,15,16,13,11,94,60,28,1023,1021,1019,31,16,10,32,16,NA,0,1,NA,44,"EDDH"
"570",2014-07-24,25,21,16,19,16,13,94,73,39,1020,1018,1017,31,16,10,23,13,NA,2.03,6,"Rain-Thunderstorm",59,"EDDH"
"571",2014-07-25,26,21,16,18,17,13,94,75,43,1019,1015,1013,31,16,10,26,8,NA,0,6,"Rain-Thunderstorm",32,"EDDH"
"572",2014-07-26,26,21,15,18,17,15,100,74,43,1014,1014,1013,31,15,10,14,10,NA,0,4,"Rain",106,"EDDH"
"573",2014-07-27,28,21,15,19,17,15,100,77,36,1015,1014,1013,31,15,10,23,8,32,0,3,"Fog-Rain-Thunderstorm",268,"EDDH"
"574",2014-07-28,29,22,14,18,17,15,100,73,38,1015,1013,1011,31,10,0,18,6,NA,0,3,"Fog",27,"EDDH"
"575",2014-07-29,29,22,16,20,17,16,100,68,38,1012,1010,1008,31,15,6,19,8,NA,0,5,"Fog-Rain",23,"EDDH"
"576",2014-07-30,24,21,17,17,15,12,88,69,40,1012,1009,1007,31,13,10,27,14,NA,0,5,"Rain",310,"EDDH"
"577",2014-07-31,24,19,14,16,14,12,94,70,42,1014,1013,1012,31,16,10,23,11,NA,0,3,NA,265,"EDDH"
"578",2014-08-01,29,22,15,14,13,10,82,54,22,1014,1012,1010,31,27,18,26,14,NA,0,NA,NA,142,"EDDH"
"579",2014-08-02,28,22,17,18,16,13,78,60,39,1012,1009,1006,31,17,10,24,13,NA,0,6,NA,112,"EDDH"
"580",2014-08-03,28,23,19,19,17,15,94,70,38,1012,1009,1006,26,15,10,23,10,NA,0,5,"Rain",284,"EDDH"
"581",2014-08-04,23,19,15,17,16,13,94,75,49,1016,1014,1011,31,18,10,14,8,NA,0,6,"Rain",307,"EDDH"
"582",2014-08-05,23,19,14,17,14,9,100,72,32,1019,1017,1016,31,14,10,23,8,NA,0.25,4,"Fog-Rain-Thunderstorm",306,"EDDH"
"583",2014-08-06,25,18,10,13,11,8,100,62,25,1019,1017,1014,31,15,10,16,6,NA,0,1,"Fog",120,"EDDH"
"584",2014-08-07,22,19,16,16,14,11,100,75,53,1015,1014,1013,26,13,10,16,8,NA,1.02,6,"Fog-Rain",181,"EDDH"
"585",2014-08-08,26,19,12,18,13,9,100,69,25,1016,1014,1009,31,6,0,14,6,NA,0,3,"Fog",94,"EDDH"
"586",2014-08-09,23,19,15,18,14,10,94,66,35,1013,1008,1002,31,16,6,34,19,58,4.06,4,"Rain",184,"EDDH"
"587",2014-08-10,26,19,13,18,14,12,88,67,46,1014,1008,1001,31,16,10,35,14,50,0,6,"Fog-Rain",137,"EDDH"
"588",2014-08-11,22,18,14,18,12,8,94,69,36,1010,1007,1001,31,14,6,40,24,60,0,3,"Rain-Thunderstorm",230,"EDDH"
"589",2014-08-12,20,17,14,12,11,9,82,70,46,1009,1008,1007,31,17,10,34,24,45,1.02,3,"Rain-Thunderstorm",215,"EDDH"
"590",2014-08-13,23,17,12,12,9,7,88,61,27,1008,1005,1003,31,16,10,29,18,48,0,3,"Rain",223,"EDDH"
"591",2014-08-14,21,17,12,14,12,11,94,74,47,1009,1006,1004,31,17,10,27,11,NA,0,4,"Rain",240,"EDDH"
"592",2014-08-15,21,16,11,14,12,10,100,78,47,1011,1009,1008,31,11,6,24,11,NA,0,3,"Fog-Rain",255,"EDDH"
"593",2014-08-16,17,13,10,13,12,9,100,85,52,1014,1013,1011,31,13,10,29,11,40,2.03,5,"Fog-Rain",262,"EDDH"
"594",2014-08-17,18,16,13,13,12,10,94,78,53,1013,1007,1001,31,12,5,39,23,63,0.76,6,"Rain",221,"EDDH"
"595",2014-08-18,17,14,12,13,12,10,94,84,60,1004,1000,998,31,14,7,39,26,55,2.03,4,"Rain",232,"EDDH"
"596",2014-08-19,18,14,10,13,11,8,100,84,53,1008,1006,1004,31,14,7,34,19,NA,5.08,4,"Rain-Thunderstorm",232,"EDDH"
"597",2014-08-20,16,13,9,12,10,8,94,84,59,1014,1011,1008,31,13,6,29,19,52,4.06,3,"Rain-Thunderstorm",243,"EDDH"
"598",2014-08-21,18,13,7,11,8,7,100,72,37,1014,1014,1013,31,14,10,26,13,39,0.25,4,"Fog-Rain",234,"EDDH"
"599",2014-08-22,19,14,11,12,10,8,94,73,43,1013,1010,1007,31,13,10,35,16,NA,0,6,"Rain",210,"EDDH"
"600",2014-08-23,17,13,10,12,10,8,100,83,43,1012,1010,1009,31,13,9,26,16,42,3.05,4,"Rain",237,"EDDH"
"601",2014-08-24,17,12,8,12,9,6,100,84,51,1016,1014,1012,31,14,10,34,11,40,3.05,2,"Rain",255,"EDDH"
"602",2014-08-25,17,11,6,11,8,6,100,80,41,1016,1013,1011,31,13,8,26,8,NA,0,3,"Fog-Rain",262,"EDDH"
"603",2014-08-26,19,11,3,10,7,4,100,75,38,1011,1009,1007,31,12,10,13,5,NA,0,3,"Fog",352,"EDDH"
"604",2014-08-27,22,14,6,12,9,7,100,74,28,1017,1014,1010,31,9,0,23,6,NA,0,4,"Fog",319,"EDDH"
"605",2014-08-28,23,15,7,12,8,6,100,64,24,1018,1016,1014,31,17,10,19,6,NA,0,3,"Fog",149,"EDDH"
"606",2014-08-29,21,18,14,17,13,9,100,74,43,1014,1013,1012,31,13,5,26,11,NA,3.05,5,"Fog-Rain",212,"EDDH"
"607",2014-08-30,19,16,13,16,14,13,100,89,68,1015,1014,1012,26,13,5,29,11,NA,4.06,5,"Fog-Rain",206,"EDDH"
"608",2014-08-31,18,16,13,15,13,12,100,89,60,1014,1012,1011,31,12,4,21,10,NA,7.11,5,"Fog-Rain",270,"EDDH"
"609",2014-09-01,19,14,9,16,14,9,100,96,82,1019,1017,1014,19,5,0,19,6,NA,0.76,7,"Fog-Rain",281,"EDDH"
"610",2014-09-02,21,18,13,16,13,11,100,78,45,1026,1022,1019,18,9,3,21,11,NA,0,4,"Rain",54,"EDDH"
"611",2014-09-03,22,15,8,13,11,9,100,75,41,1027,1026,1024,31,14,10,21,13,NA,0,1,"Fog",63,"EDDH"
"612",2014-09-04,23,17,10,13,12,10,100,73,35,1026,1023,1020,31,22,10,23,13,NA,0,NA,"Fog",72,"EDDH"
"613",2014-09-05,26,19,12,17,15,12,94,75,48,1020,1016,1013,31,18,10,14,10,NA,0,4,NA,96,"EDDH"
"614",2014-09-06,26,20,14,19,16,14,100,78,50,1014,1012,1011,19,11,6,13,6,NA,0,4,"Fog-Rain-Thunderstorm",92,"EDDH"
"615",2014-09-07,21,18,13,18,16,13,100,89,67,1015,1013,1011,19,7,0,19,6,NA,0,6,"Fog-Rain",286,"EDDH"
"616",2014-09-08,20,15,10,14,12,8,100,80,38,1017,1016,1015,31,13,0,26,8,NA,0,4,"Fog",259,"EDDH"
"617",2014-09-09,18,14,11,15,12,11,100,88,67,1018,1017,1015,31,13,9,26,14,NA,3.05,5,"Rain",261,"EDDH"
"618",2014-09-10,21,16,12,15,13,11,100,84,51,1018,1017,1016,31,13,8,23,11,NA,1.02,5,"Fog-Rain",300,"EDDH"
"619",2014-09-11,20,15,10,14,12,10,100,82,50,1022,1019,1016,31,13,10,23,11,39,0,3,"Fog-Rain",28,"EDDH"
"620",2014-09-12,22,15,8,14,13,9,100,83,49,1024,1022,1021,31,11,1,26,11,NA,0,2,"Fog",24,"EDDH"
"621",2014-09-13,21,16,11,15,13,11,100,87,58,1025,1024,1023,26,9,3,23,11,NA,0,5,"Fog-Rain",3,"EDDH"
"622",2014-09-14,19,17,14,16,15,14,100,88,66,1025,1021,1020,31,11,4,13,8,NA,0,6,"Rain",15,"EDDH"
"623",2014-09-15,24,19,14,17,16,13,100,84,44,1021,1019,1018,26,9,5,23,11,NA,0,4,"Fog-Rain-Thunderstorm",70,"EDDH"
"624",2014-09-16,24,18,12,16,14,12,100,78,53,1020,1019,1017,26,13,10,26,13,NA,0,2,"Fog",81,"EDDH"
"625",2014-09-17,23,18,13,15,13,12,94,74,46,1019,1017,1015,26,20,10,26,14,NA,0,5,NA,73,"EDDH"
"626",2014-09-18,23,17,11,14,13,12,100,74,41,1015,1014,1013,27,13,10,24,11,NA,0,1,"Fog",88,"EDDH"
"627",2014-09-19,24,19,13,16,14,12,94,75,48,1014,1013,1012,31,14,10,14,8,NA,0,2,NA,87,"EDDH"
"628",2014-09-20,24,18,12,16,14,12,100,81,42,1014,1013,1012,31,12,6,11,5,NA,0,4,"Fog",21,"EDDH"
"629",2014-09-21,19,17,14,16,12,9,100,80,47,1013,1012,1011,23,9,1,32,14,NA,0,4,"Fog-Rain",302,"EDDH"
"630",2014-09-22,14,12,10,10,7,4,82,64,41,1018,1013,1010,31,12,10,37,26,52,0,4,"Rain",312,"EDDH"
"631",2014-09-23,16,9,3,9,7,3,100,72,43,1020,1018,1016,31,13,10,21,11,NA,0,3,"Fog",271,"EDDH"
"632",2014-09-24,16,13,11,11,9,8,90,73,49,1016,1011,1007,31,12,5,26,16,NA,0,7,"Rain",218,"EDDH"
"633",2014-09-25,16,13,11,12,11,8,100,81,47,1017,1013,1008,31,11,5,35,16,50,0,6,"Rain",261,"EDDH"
"634",2014-09-26,17,14,12,16,14,11,100,92,74,1022,1018,1016,31,9,3,23,16,45,1.02,6,"Rain",256,"EDDH"
"635",2014-09-27,18,12,7,13,9,7,100,82,46,1028,1026,1023,31,13,10,21,8,NA,0,2,"Fog",278,"EDDH"
"636",2014-09-28,20,13,7,12,10,7,100,79,42,1027,1025,1022,31,18,10,11,5,NA,0,6,"Fog",139,"EDDH"
"637",2014-09-29,22,16,9,16,13,9,100,82,54,1023,1022,1021,26,12,9,13,5,NA,0,6,"Fog-Rain",71,"EDDH"
"638",2014-09-30,19,17,15,16,15,14,100,92,72,1025,1023,1021,19,7,3,16,6,NA,4.06,6,"Rain",239,"EDDH"
"639",2014-10-01,20,16,11,16,14,11,100,90,59,1027,1025,1022,13,6,0,14,6,NA,0,6,"Fog-Rain",242,"EDDH"
"640",2014-10-02,19,16,13,16,15,13,100,92,62,1029,1028,1024,11,6,2,13,5,NA,0,6,"Fog-Rain",243,"EDDH"
"641",2014-10-03,22,18,15,16,14,12,100,78,46,1028,1026,1024,19,9,5,19,10,NA,0,4,NA,146,"EDDH"
"642",2014-10-04,21,16,10,12,10,7,100,71,34,1024,1020,1017,26,14,6,26,16,NA,0,NA,NA,132,"EDDH"
"643",2014-10-05,18,13,8,11,9,7,93,75,47,1019,1017,1016,26,16,10,21,14,NA,0,6,NA,113,"EDDH"
"644",2014-10-06,18,14,10,12,9,7,94,74,45,1018,1015,1010,26,13,6,26,16,NA,0,5,NA,107,"EDDH"
"645",2014-10-07,16,13,11,13,10,7,100,81,52,1011,1004,999,26,10,3,29,23,58,7.87,6,"Rain",149,"EDDH"
"646",2014-10-08,15,12,9,13,10,7,94,82,55,1009,1006,1002,31,14,8,27,21,NA,1.02,6,"Rain",178,"EDDH"
"647",2014-10-09,18,16,14,15,13,11,100,82,54,1008,1004,1001,31,13,10,29,18,NA,0,6,"Rain",195,"EDDH"
"648",2014-10-10,18,14,11,13,11,9,100,79,46,1016,1012,1008,31,16,10,34,18,NA,0,6,"Fog",214,"EDDH"
"649",2014-10-11,18,13,9,14,12,8,100,85,60,1016,1013,1011,26,12,9,19,6,NA,3.05,5,"Fog-Rain-Thunderstorm",126,"EDDH"
"650",2014-10-12,16,13,10,14,11,8,100,85,53,1015,1013,1011,26,11,5,14,11,NA,0,5,"Fog-Rain-Thunderstorm",237,"EDDH"
"651",2014-10-13,14,11,9,14,12,8,100,95,82,1013,1008,1005,31,6,1,23,11,NA,0.76,7,"Fog-Rain",81,"EDDH"
"652",2014-10-14,17,14,12,14,12,9,100,86,47,1008,1007,1006,31,6,0,19,6,NA,0,5,"Fog-Rain",202,"EDDH"
"653",2014-10-15,15,13,12,12,11,9,94,82,71,1007,1005,1004,31,12,8,21,10,NA,0.76,6,"Rain",194,"EDDH"
"654",2014-10-16,14,12,11,13,12,11,100,90,72,1006,1004,1004,14,7,3,14,10,NA,0,7,"Rain",187,"EDDH"
"655",2014-10-17,17,14,11,13,12,11,100,91,68,1017,1010,1005,19,8,3,24,10,NA,0,5,"Fog-Rain",239,"EDDH"
"656",2014-10-18,17,13,8,14,12,9,100,90,64,1021,1019,1017,26,4,0,24,10,NA,0,5,"Fog",155,"EDDH"
"657",2014-10-19,22,18,14,16,14,12,88,77,55,1017,1012,1009,31,15,10,35,16,55,0,5,"Rain",217,"EDDH"
"658",2014-10-20,16,13,12,13,12,9,100,82,56,1012,1010,1009,26,12,6,29,19,52,14.99,5,"Rain",252,"EDDH"
"659",2014-10-21,13,11,10,11,11,9,100,92,81,1010,1002,994,26,11,4,26,18,NA,5.08,6,"Rain",216,"EDDH"
"660",2014-10-22,14,11,8,11,9,7,94,87,58,1017,1006,998,31,12,5,29,21,45,1.02,6,"Rain",294,"EDDH"
"661",2014-10-23,13,11,9,10,8,7,94,80,56,1022,1020,1017,31,13,10,26,13,NA,0,6,"Rain",247,"EDDH"
"662",2014-10-24,14,12,11,10,9,7,94,78,60,1022,1020,1017,31,15,10,24,16,NA,0,6,"Rain",186,"EDDH"
"663",2014-10-25,13,11,9,12,10,8,100,91,73,1020,1017,1016,26,9,3,21,16,NA,2.03,6,"Fog-Rain",193,"EDDH"
"664",2014-10-26,14,11,8,11,9,8,100,84,62,1024,1022,1020,31,12,5,26,14,NA,0,6,"Fog",216,"EDDH"
"665",2014-10-27,16,13,9,10,9,8,100,77,49,1024,1023,1022,31,18,10,29,18,NA,0,6,"Fog",206,"EDDH"
"666",2014-10-28,14,10,6,9,7,5,100,86,54,1023,1019,1014,26,12,6,23,13,NA,0,6,"Fog",159,"EDDH"
"667",2014-10-29,9,7,4,9,7,3,100,95,85,1021,1016,1013,13,4,1,23,11,40,0.76,7,"Fog-Rain",233,"EDDH"
"668",2014-10-30,11,6,1,9,6,1,100,93,70,1025,1024,1021,11,7,0,19,8,NA,0,6,"Fog-Rain",135,"EDDH"
"669",2014-10-31,16,13,9,13,11,9,100,91,68,1024,1022,1021,26,9,3,18,11,NA,0,7,"Fog-Rain",166,"EDDH"
"670",2014-11-01,19,14,8,13,11,8,100,85,46,1021,1019,1016,31,11,0,16,8,NA,0,NA,"Fog",162,"EDDH"
"671",2014-11-02,17,13,9,12,11,9,100,85,59,1016,1012,1006,31,15,9,23,11,NA,0,5,"Fog-Rain",175,"EDDH"
"672",2014-11-03,16,14,12,12,11,9,94,76,52,1006,1000,994,26,13,10,34,21,50,0.25,6,"Rain",185,"EDDH"
"673",2014-11-04,12,10,9,11,9,8,100,83,55,998,995,991,26,11,5,34,21,NA,2.03,7,"Rain",219,"EDDH"
"674",2014-11-05,9,9,8,9,8,7,100,95,85,1006,1001,997,26,9,3,14,10,NA,3.05,7,"Rain",323,"EDDH"
"675",2014-11-06,12,9,6,8,7,5,100,90,71,1012,1009,1005,26,9,5,24,10,NA,0,5,"Fog-Rain",246,"EDDH"
"676",2014-11-07,9,6,3,6,4,3,100,86,64,1011,1007,1004,26,10,2,26,13,NA,0.51,4,"Fog-Rain",146,"EDDH"
"677",2014-11-08,12,9,6,8,6,4,93,85,63,1012,1010,1006,31,15,10,29,18,NA,0,2,NA,172,"EDDH"
"678",2014-11-09,12,8,3,7,6,3,100,88,64,1012,1010,1009,31,17,5,21,14,NA,0,5,NA,132,"EDDH"
"679",2014-11-10,10,8,5,9,7,4,100,95,87,1011,1010,1009,14,8,3,14,11,NA,0.51,6,"Rain",155,"EDDH"
"680",2014-11-11,11,7,3,8,7,4,100,93,72,1013,1011,1007,19,7,0,23,11,NA,0,5,"Fog",115,"EDDH"
"681",2014-11-12,11,9,8,10,9,8,100,96,88,1008,1006,1005,7,4,2,23,14,NA,0,7,"Rain",98,"EDDH"
"682",2014-11-13,11,10,9,10,9,9,100,93,82,1016,1013,1008,10,7,6,11,5,NA,0,7,"Fog-Rain",257,"EDDH"
"683",2014-11-14,12,11,9,10,9,8,96,90,77,1016,1012,1009,8,6,5,29,14,47,0,7,NA,106,"EDDH"
"684",2014-11-15,11,10,9,9,8,8,94,87,80,1010,1006,1004,8,6,5,29,23,NA,0,7,NA,102,"EDDH"
"685",2014-11-16,9,8,7,9,8,6,100,92,82,1005,1002,1001,8,6,3,26,18,NA,3.05,7,"Rain",94,"EDDH"
"686",2014-11-17,11,8,4,8,7,5,100,92,73,1013,1009,1004,31,10,6,19,11,NA,0,4,"Fog",94,"EDDH"
"687",2014-11-18,8,7,6,7,6,5,93,90,84,1015,1013,1012,14,8,6,24,16,NA,0,7,"Rain",68,"EDDH"
"688",2014-11-19,7,7,6,6,6,4,100,89,78,1027,1021,1015,14,9,5,14,8,NA,0,8,"Rain",55,"EDDH"
"689",2014-11-20,9,4,-1,7,4,-1,100,94,74,1029,1028,1027,19,9,3,13,5,NA,0,4,"Fog-Rain",331,"EDDH"
"690",2014-11-21,3,0,-2,3,1,-2,100,100,97,1028,1026,1025,6,1,0,8,3,NA,0,5,"Fog",42,"EDDH"
"691",2014-11-22,6,3,1,5,3,2,100,90,72,1025,1022,1020,26,10,0,24,13,NA,2.03,6,"Fog-Rain",116,"EDDH"
"692",2014-11-23,9,7,4,6,4,3,93,86,79,1021,1019,1014,19,12,6,26,18,NA,0,6,"Rain",140,"EDDH"
"693",2014-11-24,10,8,6,9,7,5,100,87,64,1025,1019,1012,31,11,5,26,16,NA,3.05,5,"Rain",244,"EDDH"
"694",2014-11-25,6,3,0,6,4,0,100,100,93,1028,1027,1025,26,1,0,13,5,NA,0,7,"Fog",116,"EDDH"
"695",2014-11-26,6,3,2,3,2,2,100,91,71,1027,1022,1018,19,10,0,32,18,NA,0,6,"Fog",115,"EDDH"
"696",2014-11-27,4,3,2,2,1,-1,93,82,68,1019,1015,1013,26,11,6,29,23,42,0,5,NA,112,"EDDH"
"697",2014-11-28,2,1,1,0,-1,-3,87,78,66,1021,1018,1015,26,11,8,32,24,50,0,6,NA,100,"EDDH"
"698",2014-11-29,1,0,-1,-2,-2,-3,93,80,67,1022,1021,1019,16,9,6,29,23,42,0,7,NA,99,"EDDH"
"699",2014-11-30,0,-1,-2,-2,-3,-3,93,88,70,1020,1018,1016,10,7,6,24,19,NA,0,7,NA,102,"EDDH"
"700",2014-12-01,-2,-3,-4,-2,-4,-7,93,83,69,1020,1019,1018,11,9,6,29,21,NA,0,6,NA,98,"EDDH"
"701",2014-12-02,-3,-3,-4,-5,-6,-7,93,83,72,1021,1019,1017,10,8,6,21,14,NA,0,8,NA,96,"EDDH"
"702",2014-12-03,-2,-3,-4,-2,-4,-5,100,91,79,1025,1023,1021,8,5,3,14,10,NA,0,7,"Rain",79,"EDDH"
"703",2014-12-04,2,0,-3,2,-1,-3,100,91,80,1025,1020,1017,8,6,3,14,10,NA,2.03,7,"Rain",81,"EDDH"
"704",2014-12-05,4,2,1,2,2,1,100,93,84,1018,1017,1016,11,6,2,18,8,NA,0,7,"Fog-Rain",213,"EDDH"
"705",2014-12-06,7,4,1,5,3,1,100,94,75,1024,1021,1017,19,6,0,16,11,NA,0,6,"Fog-Rain",235,"EDDH"
"706",2014-12-07,6,3,0,4,3,1,100,92,72,1023,1016,1010,11,7,0,35,18,50,1.02,6,"Fog-Rain",213,"EDDH"
"707",2014-12-08,5,3,1,4,2,0,100,88,77,1017,1013,1011,31,14,10,26,16,NA,0,5,"Rain",235,"EDDH"
"708",2014-12-09,4,3,2,2,2,0,100,89,72,1027,1023,1017,18,9,5,32,16,45,0,6,NA,224,"EDDH"
"709",2014-12-10,7,4,2,5,2,-1,93,83,60,1022,1011,1008,31,12,5,40,29,69,3.05,5,"Rain",216,"EDDH"
"710",2014-12-11,6,4,2,3,2,1,93,84,77,1008,1002,999,31,14,10,37,26,55,0.25,5,"Rain",224,"EDDH"
"711",2014-12-12,9,6,2,7,4,1,100,87,70,1002,994,988,31,12,7,50,29,71,7.11,6,"Rain",224,"EDDH"
"712",2014-12-13,5,3,1,3,2,0,100,85,70,1013,1005,997,31,15,8,26,21,NA,0,3,"Fog",238,"EDDH"
"713",2014-12-14,4,2,0,2,1,0,100,89,74,1015,1014,1012,16,8,3,29,18,NA,0,5,"Fog",209,"EDDH"
"714",2014-12-15,5,3,2,4,2,-1,100,87,61,1012,1009,1006,19,9,5,35,24,48,2.03,7,"Rain",219,"EDDH"
"715",2014-12-16,6,4,2,4,3,1,93,89,77,1011,1007,1005,18,9,6,32,19,50,0.51,6,"Rain",236,"EDDH"
"716",2014-12-17,8,4,1,7,3,-1,100,94,80,1009,1003,999,31,9,3,27,18,NA,4.06,6,"Rain",206,"EDDH"
"717",2014-12-18,12,8,4,11,9,6,100,95,91,1006,1004,1002,31,7,2,29,18,47,0.76,6,"Rain",235,"EDDH"
"718",2014-12-19,11,8,4,11,7,3,100,89,69,1010,1004,1001,31,10,5,32,24,53,12.95,5,"Rain",254,"EDDH"
"719",2014-12-20,7,4,2,4,3,1,100,80,63,1015,1009,1005,31,12,6,40,27,72,9.91,4,"Rain-Snow-Thunderstorm",266,"EDDH"
"720",2014-12-21,8,6,4,7,4,3,100,88,76,1023,1018,1011,31,10,4,32,23,52,0.25,6,"Rain-Hail",247,"EDDH"
"721",2014-12-22,12,9,6,11,9,6,100,94,82,1011,1007,1005,18,6,3,37,32,64,23.11,7,"Rain",254,"EDDH"
"722",2014-12-23,10,9,9,10,9,8,100,94,87,1010,1008,1007,9,5,3,35,27,60,6.1,7,"Rain",251,"EDDH"
"723",2014-12-24,9,7,4,9,6,2,100,89,69,1012,1008,1005,19,7,3,37,27,55,5.08,5,"Rain",250,"EDDH"
"724",2014-12-25,6,3,1,4,2,-1,96,86,53,1025,1015,1010,31,11,5,34,26,58,5.08,6,"Rain-Snow",277,"EDDH"
"725",2014-12-26,0,-2,-4,-1,-3,-5,100,91,65,1028,1026,1020,31,15,6,21,8,NA,0,5,"Fog",242,"EDDH"
"726",2014-12-27,-1,-3,-5,-1,-4,-7,100,85,63,1021,1012,1009,31,14,6,24,14,NA,0,7,NA,95,"EDDH"
"727",2014-12-28,1,-4,-9,0,-5,-9,100,89,67,1028,1024,1016,31,16,10,19,8,NA,0.25,4,"Snow",303,"EDDH"
"728",2014-12-29,1,-2,-4,2,-1,-3,100,88,63,1033,1028,1022,31,11,3,21,14,NA,2.03,6,"Rain-Snow",303,"EDDH"
"729",2014-12-30,5,2,-1,4,3,1,100,91,75,1031,1030,1028,31,12,3,19,11,NA,0,6,"Rain",277,"EDDH"
"730",2014-12-31,7,5,3,7,5,3,100,96,87,1032,1030,1028,11,6,1,21,11,NA,0.25,7,"Rain",262,"EDDH"
"731",2015-01-01,5,3,2,3,1,-1,93,84,65,1032,1028,1018,14,9,4,35,21,47,0,6,NA,230,"EDDH"
"732",2015-01-02,9,6,3,7,3,1,93,79,56,1021,1016,1011,31,12,6,47,35,77,2.03,6,"Rain-Hail",255,"EDDH"
"733",2015-01-03,6,4,3,3,2,0,94,81,60,1023,1016,1011,31,14,8,39,26,61,6.1,5,"Rain-Hail",261,"EDDH"
"734",2015-01-04,6,4,2,3,2,1,93,84,63,1030,1024,1015,31,12,10,29,18,NA,0,2,"Rain",282,"EDDH"
"735",2015-01-05,4,3,3,3,2,1,93,88,80,1030,1028,1027,31,12,6,23,14,NA,0,7,"Rain",253,"EDDH"
"736",2015-01-06,4,2,1,2,1,-1,93,85,65,1027,1023,1019,31,10,6,26,13,NA,0,7,NA,168,"EDDH"
"737",2015-01-07,6,3,1,5,3,-1,100,89,71,1024,1022,1019,31,12,5,29,14,NA,0,6,"Rain",234,"EDDH"
"738",2015-01-08,7,4,3,6,4,1,100,92,76,1022,1016,1013,26,9,3,34,26,NA,8.89,6,"Rain",233,"EDDH"
"739",2015-01-09,9,7,5,7,4,3,93,82,65,1019,1008,1002,26,11,3,60,32,106,7.11,6,"Rain-Thunderstorm",254,"EDDH"
"740",2015-01-10,12,9,5,11,6,0,100,82,52,1005,1000,993,31,10,3,52,29,84,5.08,6,"Rain",258,"EDDH"
"741",2015-01-11,6,3,2,4,2,0,93,81,64,1012,1006,1002,26,12,3,43,32,66,7.11,6,"Rain-Hail-Thunderstorm",264,"EDDH"
"742",2015-01-12,9,7,4,8,6,4,100,89,76,1012,1007,1004,19,10,6,37,27,63,2.03,6,"Rain",237,"EDDH"
"743",2015-01-13,9,7,5,8,7,4,100,93,87,1006,1002,999,31,9,3,40,23,58,9.91,6,"Rain",230,"EDDH"
"744",2015-01-14,5,3,1,5,2,1,100,87,69,1010,1004,1001,31,13,8,34,24,52,3.05,6,"Rain-Snow",234,"EDDH"
"745",2015-01-15,10,6,1,7,4,0,93,85,73,1011,999,993,31,15,10,39,26,61,2.03,6,"Rain",187,"EDDH"
"746",2015-01-16,7,6,4,6,2,1,87,75,61,1006,1002,996,31,19,10,39,27,NA,0,3,NA,218,"EDDH"
"747",2015-01-17,5,2,0,2,0,-1,100,84,60,1015,1011,1005,31,17,10,23,14,NA,0,2,NA,231,"EDDH"
"748",2015-01-18,2,1,0,1,0,-2,94,85,70,1015,1013,1012,31,12,6,26,16,NA,0.51,7,"Rain-Snow",197,"EDDH"
"749",2015-01-19,2,0,-1,1,-1,-2,100,88,79,1014,1012,1011,31,13,6,14,8,NA,0,7,"Rain-Snow",153,"EDDH"
"750",2015-01-20,1,0,-2,0,-1,-2,100,95,82,1014,1012,1010,11,5,1,14,5,NA,0,7,"Snow",331,"EDDH"
"751",2015-01-21,0,-2,-4,0,-2,-4,100,97,79,1019,1016,1013,7,3,0,14,5,NA,0,7,"Fog",121,"EDDH"
"752",2015-01-22,1,-1,-4,0,-2,-4,100,92,82,1024,1021,1018,19,8,5,14,11,NA,0,6,NA,31,"EDDH"
"753",2015-01-23,0,-2,-4,-1,-3,-4,100,93,81,1027,1025,1023,10,6,1,23,8,NA,0,7,"Fog-Rain-Snow",252,"EDDH"
"754",2015-01-24,1,-1,-3,1,-2,-4,100,92,75,1024,1018,1015,26,8,1,26,16,NA,1.02,6,"Fog-Snow",208,"EDDH"
"755",2015-01-25,3,1,-2,3,1,-2,100,97,90,1026,1024,1021,31,11,0,14,8,NA,0.25,5,"Fog-Rain-Snow",251,"EDDH"
"756",2015-01-26,6,3,2,5,3,2,100,96,87,1025,1016,1010,14,5,1,27,16,42,6.1,7,"Fog-Rain",225,"EDDH"
"757",2015-01-27,6,4,2,3,2,1,100,87,67,1018,1015,1012,31,15,3,29,19,NA,0,4,"Rain",288,"EDDH"
"758",2015-01-28,6,3,2,3,3,0,100,90,75,1017,1002,987,31,8,3,40,23,58,5.08,7,"Rain",220,"EDDH"
"759",2015-01-29,3,2,1,1,0,-1,93,84,72,988,982,973,31,13,3,40,31,58,0,6,"Rain-Snow",209,"EDDH"
"760",2015-01-30,2,1,-1,1,-1,-2,100,87,71,976,974,972,26,12,5,14,10,NA,0,6,"Snow",19,"EDDH"
"761",2015-01-31,3,0,-3,0,-1,-4,100,88,63,984,979,976,14,9,0,13,6,NA,0,6,"Fog-Snow",319,"EDDH"
"762",2015-02-01,1,-2,-4,1,-1,-5,100,98,91,991,987,984,10,5,0,23,8,NA,1.02,6,"Fog-Snow",248,"EDDH"
"763",2015-02-02,4,2,0,2,-1,-3,100,87,59,996,993,991,31,13,5,24,14,NA,0.76,5,"Rain-Snow",266,"EDDH"
"764",2015-02-03,1,-1,-2,0,-2,-4,100,90,66,1007,1001,996,26,9,2,21,11,NA,0.25,6,"Fog-Snow",303,"EDDH"
"765",2015-02-04,1,-2,-5,-3,-4,-5,100,83,66,1019,1013,1008,31,15,10,14,10,NA,0,4,"Snow",311,"EDDH"
"766",2015-02-05,2,-1,-4,-1,-2,-4,100,88,61,1031,1024,1019,31,11,6,14,8,NA,0,5,"Fog-Snow",13,"EDDH"
"767",2015-02-06,2,-2,-6,-1,-3,-6,100,93,69,1033,1032,1031,31,10,0,11,6,NA,0,4,"Fog",20,"EDDH"
"768",2015-02-07,5,0,-4,5,1,-4,100,93,61,1032,1026,1019,26,8,2,50,13,74,0,6,"Rain",276,"EDDH"
"769",2015-02-08,5,3,1,4,-3,-11,93,63,20,1028,1024,1019,31,14,6,50,29,58,0.51,5,"Rain",317,"EDDH"
"770",2015-02-09,6,4,2,5,4,4,100,91,83,1024,1021,1019,26,9,4,35,27,60,0.51,7,"Rain",298,"EDDH"
"771",2015-02-10,7,6,4,5,4,3,93,87,75,1030,1027,1024,31,14,9,26,19,NA,0,7,"Rain",301,"EDDH"
"772",2015-02-11,4,2,-1,3,2,-1,100,88,75,1030,1027,1024,26,12,10,14,8,NA,0,7,NA,216,"EDDH"
"773",2015-02-12,2,1,0,1,0,-1,100,90,79,1025,1023,1021,11,7,6,16,10,NA,0,8,"Rain",193,"EDDH"
"774",2015-02-13,2,1,-1,1,0,-1,100,93,83,1022,1017,1013,8,6,3,19,13,NA,0,7,"Rain",158,"EDDH"
"775",2015-02-14,9,3,-2,2,0,-2,100,83,45,1016,1013,1012,19,8,3,16,10,NA,0,7,NA,88,"EDDH"
"776",2015-02-15,4,2,-1,1,0,-2,100,87,71,1022,1019,1016,7,6,3,26,18,NA,0,6,"Rain",73,"EDDH"
"777",2015-02-16,3,1,-1,0,-1,-2,100,85,68,1024,1022,1021,8,6,5,29,16,NA,0,7,NA,117,"EDDH"
"778",2015-02-17,4,1,-3,3,0,-3,100,91,78,1038,1030,1023,7,5,2,18,13,NA,0,5,"Fog-Rain",206,"EDDH"
"779",2015-02-18,6,3,-1,2,1,-1,100,87,48,1039,1037,1032,31,6,0,26,14,NA,0,7,"Fog",227,"EDDH"
"780",2015-02-19,7,3,-1,1,0,-2,100,81,52,1032,1025,1018,26,9,6,34,21,NA,0,2,NA,220,"EDDH"
"781",2015-02-20,6,3,1,5,2,-2,100,83,64,1019,1009,999,14,9,5,37,26,47,1.02,6,"Rain",205,"EDDH"
"782",2015-02-21,6,4,2,5,3,1,100,93,86,1001,995,990,31,10,6,34,18,58,4.06,6,"Rain",219,"EDDH"
"783",2015-02-22,6,4,2,2,1,-2,93,80,54,1008,1005,1001,26,14,10,27,18,NA,0,4,NA,220,"EDDH"
"784",2015-02-23,4,3,1,3,1,-2,100,84,54,1002,994,992,31,12,5,34,26,50,0.51,6,"Rain-Snow",189,"EDDH"
"785",2015-02-24,7,4,2,4,2,0,93,84,64,1010,1001,995,31,14,8,40,23,50,2.03,4,"Rain",208,"EDDH"
"786",2015-02-25,7,4,1,3,2,-1,100,81,46,1019,1015,1010,31,13,9,26,16,NA,1.02,4,"Rain",210,"EDDH"
"787",2015-02-26,8,6,3,3,2,0,93,76,50,1020,1016,1010,31,13,10,32,14,NA,0,5,"Rain",165,"EDDH"
"788",2015-02-27,6,4,1,5,2,0,100,87,60,1018,1012,1009,31,12,6,21,14,NA,6.1,6,"Rain",217,"EDDH"
"789",2015-02-28,7,3,-1,2,0,-2,100,79,51,1019,1016,1008,31,14,10,29,11,42,0,3,NA,212,"EDDH"
"790",2015-03-01,9,6,3,6,2,-2,100,81,54,1009,999,997,31,12,6,35,23,72,4.06,6,"Rain",206,"EDDH"
"791",2015-03-02,7,3,1,4,2,-1,100,82,52,1005,998,991,31,12,6,37,23,58,4.06,5,"Rain-Snow",245,"EDDH"
"792",2015-03-03,6,3,1,2,1,-1,100,85,52,1014,1011,1005,31,11,3,32,23,48,6.1,5,"Rain-Snow",246,"EDDH"
"793",2015-03-04,6,3,1,3,2,-1,93,87,72,1025,1017,1013,31,14,10,32,18,64,2.03,5,"Rain-Snow-Hail-Thunderstorm",254,"EDDH"
"794",2015-03-05,8,4,1,4,2,0,100,83,55,1034,1032,1026,31,13,10,26,16,NA,0,5,NA,282,"EDDH"
"795",2015-03-06,9,7,4,5,3,3,88,78,61,1034,1032,1031,31,13,10,21,13,NA,0,6,"Rain",242,"EDDH"
"796",2015-03-07,12,9,5,3,2,0,81,62,34,1032,1027,1023,31,21,10,35,23,48,0,7,NA,215,"EDDH"
"797",2015-03-08,17,11,4,5,2,0,93,56,25,1024,1022,1019,31,27,7,27,18,NA,0,8,NA,232,"EDDH"
"798",2015-03-09,11,8,4,6,4,1,100,79,39,1028,1025,1022,31,9,5,16,10,NA,0,6,"Fog-Rain",249,"EDDH"
"799",2015-03-10,11,8,3,8,4,3,100,81,49,1029,1025,1022,31,11,2,26,14,NA,0,4,"Rain",266,"EDDH"
"800",2015-03-11,11,6,1,4,3,0,100,80,43,1032,1029,1027,31,14,7,23,14,NA,0,4,"Fog",299,"EDDH"
"801",2015-03-12,10,3,-3,3,0,-3,100,79,34,1034,1033,1031,19,8,0,21,10,NA,0,2,"Fog",53,"EDDH"
"802",2015-03-13,6,2,-2,2,-1,-2,93,77,50,1033,1030,1029,31,11,10,29,13,NA,0,5,NA,67,"EDDH"
"803",2015-03-14,6,4,3,4,2,1,93,84,70,1032,1030,1029,31,13,9,26,18,NA,0,6,"Rain",51,"EDDH"
"804",2015-03-15,7,5,3,3,3,2,93,81,66,1033,1031,1031,26,12,10,26,19,NA,0,7,"Rain",70,"EDDH"
"805",2015-03-16,13,9,4,5,3,3,87,67,40,1031,1029,1027,26,15,10,34,23,50,0,4,NA,94,"EDDH"
"806",2015-03-17,15,10,6,6,4,3,87,68,42,1029,1028,1026,14,14,11,23,16,35,0,NA,NA,99,"EDDH"
"807",2015-03-18,14,10,5,5,2,-5,87,56,32,1028,1027,1026,27,22,14,21,11,NA,0,NA,NA,109,"EDDH"
"808",2015-03-19,14,8,1,1,-4,-6,81,42,15,1029,1028,1027,31,23,11,19,8,NA,0,NA,NA,77,"EDDH"
"809",2015-03-20,6,2,-3,3,1,-2,100,87,68,1028,1023,1017,19,8,1,23,6,NA,0,7,"Fog",293,"EDDH"
"810",2015-03-21,6,4,3,5,3,-1,100,89,71,1026,1016,1012,31,10,5,32,14,52,1.02,7,"Rain",330,"EDDH"
"811",2015-03-22,6,2,-2,-2,-6,-7,70,53,32,1031,1027,1023,31,14,10,32,18,NA,0,4,"Rain",110,"EDDH"
"812",2015-03-23,10,4,-2,2,-1,-5,93,65,40,1024,1016,1011,31,13,7,21,11,NA,0,6,NA,211,"EDDH"
"813",2015-03-24,9,4,1,3,1,-1,100,76,38,1011,1009,1008,31,9,5,14,5,NA,0,6,"Fog",267,"EDDH"
"814",2015-03-25,14,7,0,5,2,-2,93,68,33,1010,1007,1004,16,8,3,29,11,42,0,7,NA,99,"EDDH"
"815",2015-03-26,7,6,4,6,2,0,93,76,49,1007,1006,1004,31,12,5,21,14,NA,0,7,"Rain",249,"EDDH"
"816",2015-03-27,8,7,4,6,4,3,94,85,65,1019,1011,1006,31,10,6,26,16,NA,0.25,6,"Rain",238,"EDDH"
"817",2015-03-28,11,8,4,8,3,-1,93,75,38,1021,1015,1003,31,11,6,27,16,NA,0,6,"Rain",211,"EDDH"
"818",2015-03-29,10,8,5,10,7,4,100,91,73,1004,993,979,31,10,3,42,24,64,6.1,7,"Rain",227,"EDDH"
"819",2015-03-30,7,6,3,5,3,0,93,80,54,1003,993,983,31,13,9,58,34,82,4.06,6,"Rain-Hail",278,"EDDH"
"820",2015-03-31,8,4,1,6,3,-1,100,84,63,1002,989,980,31,11,5,66,31,101,9.91,6,"Rain-Snow",248,"EDDH"
"821",2015-04-01,8,4,2,3,1,-6,93,74,33,1010,1005,998,31,12,8,52,27,77,1.02,4,"Rain-Snow-Hail",280,"EDDH"
"822",2015-04-02,7,3,0,2,1,-4,100,78,39,1016,1008,1004,31,11,5,43,19,61,0,4,"Rain-Snow-Hail",287,"EDDH"
"823",2015-04-03,8,4,0,1,-1,-2,87,65,38,1018,1017,1016,10,10,10,32,16,48,0,4,"Rain",291,"EDDH"
"824",2015-04-04,10,3,-3,2,-2,-6,100,67,21,1021,1018,1017,31,16,9,16,6,NA,0,5,NA,341,"EDDH"
"825",2015-04-05,11,3,-4,1,-3,-7,100,64,20,1025,1024,1021,31,14,10,26,10,NA,0,1,NA,307,"EDDH"
"826",2015-04-06,11,7,3,3,-1,-6,93,61,23,1035,1029,1025,31,14,10,23,10,NA,0,3,"Rain",21,"EDDH"
"827",2015-04-07,10,4,-2,6,2,-3,100,80,54,1035,1033,1031,31,15,7,26,8,NA,0,6,"Rain",278,"EDDH"
"828",2015-04-08,13,9,5,7,6,4,100,84,55,1033,1031,1030,31,12,3,23,16,NA,0,6,"Rain",291,"EDDH"
"829",2015-04-09,16,9,3,6,3,-1,100,69,27,1033,1029,1025,31,10,0,14,6,NA,0,5,"Fog",259,"EDDH"
"830",2015-04-10,19,11,2,9,6,1,93,67,33,1025,1021,1017,31,14,9,14,5,NA,0,1,NA,99,"EDDH"
"831",2015-04-11,19,12,6,10,7,3,93,71,32,1022,1015,1013,31,14,9,45,14,72,1.02,5,"Fog-Rain",207,"EDDH"
"832",2015-04-12,14,9,4,5,2,1,87,61,31,1028,1024,1016,31,17,10,39,23,NA,0,5,NA,231,"EDDH"
"833",2015-04-13,11,8,4,6,2,-1,87,65,35,1029,1025,1016,19,10,10,48,32,74,0,4,"Rain",284,"EDDH"
"834",2015-04-14,16,9,2,9,4,1,100,76,48,1029,1023,1019,31,18,10,29,13,47,0,7,"Rain",246,"EDDH"
"835",2015-04-15,21,14,8,9,7,2,87,67,21,1019,1014,1010,26,13,10,39,19,60,0,3,"Rain",262,"EDDH"
"836",2015-04-16,11,8,4,7,3,1,93,70,44,1016,1015,1013,31,13,10,29,18,42,0,3,NA,294,"EDDH"
"837",2015-04-17,13,8,2,5,1,-3,100,66,25,1023,1017,1015,26,11,10,26,11,48,0,2,"Fog-Rain",329,"EDDH"
"838",2015-04-18,13,6,-1,4,1,-2,93,65,27,1028,1025,1023,10,10,10,27,11,NA,0,3,"Fog",323,"EDDH"
"839",2015-04-19,15,9,4,4,3,0,93,65,26,1025,1023,1022,10,10,10,14,8,NA,0,3,NA,261,"EDDH"
"840",2015-04-20,18,9,0,5,2,-1,100,61,20,1028,1027,1025,31,22,10,21,8,NA,0,NA,"Fog",341,"EDDH"
"841",2015-04-21,16,10,3,7,4,2,93,70,33,1029,1028,1027,31,16,10,34,13,NA,0,3,"Fog",298,"EDDH"
"842",2015-04-22,16,11,7,7,4,2,87,64,29,1028,1025,1022,31,13,10,26,16,NA,0,5,"Rain",312,"EDDH"
"843",2015-04-23,14,10,5,8,6,4,95,80,46,1023,1019,1016,31,10,6,21,13,NA,0,6,NA,282,"EDDH"
"844",2015-04-24,18,12,6,9,6,3,100,71,28,1016,1012,1008,26,9,2,21,11,NA,0,7,"Rain",246,"EDDH"
"845",2015-04-25,15,11,8,11,8,4,94,78,51,1008,1006,1005,19,9,5,26,10,NA,1.02,7,"Rain",202,"EDDH"
"846",2015-04-26,14,11,7,12,9,6,100,91,76,1007,1006,1005,19,9,3,29,11,NA,6.1,6,"Rain",246,"EDDH"
"847",2015-04-27,12,9,4,6,3,-1,100,72,34,1010,1007,1005,31,11,8,26,11,40,0.25,6,"Rain",346,"EDDH"
"848",2015-04-28,12,4,-2,3,-1,-4,100,66,23,1018,1013,1010,31,11,5,32,10,NA,0,4,"Fog-Rain",299,"EDDH"
"849",2015-04-29,13,7,1,3,-1,-3,93,55,19,1020,1017,1013,10,10,10,32,16,NA,0,2,"Fog-Rain",210,"EDDH"
"850",2015-04-30,13,9,5,7,4,-1,93,68,34,1014,1011,1008,31,12,8,23,13,40,3.05,4,"Rain",223,"EDDH"
"851",2015-05-01,12,8,3,5,3,2,100,74,41,1009,1007,1006,31,12,10,23,11,NA,0,3,"Rain",257,"EDDH"
"852",2015-05-02,12,7,2,5,3,1,95,69,38,1013,1011,1009,31,13,10,23,8,34,0,4,NA,302,"EDDH"
"853",2015-05-03,18,10,2,13,4,0,100,65,24,1013,1007,1000,31,17,5,34,14,47,0.25,7,"Rain",109,"EDDH"
"854",2015-05-04,19,16,12,14,11,9,100,74,43,1009,1006,1000,26,11,6,34,19,NA,0,4,"Rain",238,"EDDH"
"855",2015-05-05,24,18,12,16,12,5,94,75,42,1008,1001,997,31,12,1,50,19,84,13.97,5,"Rain-Thunderstorm",169,"EDDH"
"856",2015-05-06,18,13,8,9,6,3,87,62,28,1011,1009,1008,31,17,9,42,19,66,0.25,2,"Rain",207,"EDDH"
"857",2015-05-07,14,11,8,9,6,5,93,71,47,1019,1013,1009,31,13,10,32,24,52,1.02,4,"Rain",255,"EDDH"
"858",2015-05-08,17,10,3,9,7,3,100,75,48,1020,1018,1016,31,14,10,19,6,NA,0,5,"Fog-Rain",83,"EDDH"
"859",2015-05-09,17,13,9,13,9,7,94,77,50,1016,1014,1012,31,14,9,29,14,50,4.06,6,"Rain",193,"EDDH"
"860",2015-05-10,13,9,6,8,5,-1,87,70,30,1028,1023,1015,31,13,9,32,23,52,0,6,"Rain",282,"EDDH"
"861",2015-05-11,23,14,6,10,6,2,81,54,27,1028,1022,1017,NA,NA,NA,34,14,NA,0,NA,NA,159,"EDDH"
"862",2015-05-12,21,16,9,13,9,4,94,72,41,1017,1014,1011,31,16,10,42,13,61,0.25,5,"Fog-Rain",261,"EDDH"
"863",2015-05-13,15,11,8,8,6,4,87,66,37,1017,1016,1013,10,10,10,35,21,53,0,4,"Rain",272,"EDDH"
"864",2015-05-14,12,10,8,7,6,4,93,76,58,1014,1013,1012,31,11,10,26,14,NA,0,7,"Rain",291,"EDDH"
"865",2015-05-15,13,9,5,5,4,2,87,66,45,1020,1016,1014,10,10,10,19,11,NA,0,5,NA,307,"EDDH"
"866",2015-05-16,12,8,3,10,6,2,94,84,69,1021,1019,1017,31,13,5,29,13,NA,0,6,"Rain",245,"EDDH"
"867",2015-05-17,14,10,6,7,5,2,93,71,37,1022,1021,1018,31,14,10,32,18,47,2.03,2,"Rain",265,"EDDH"
"868",2015-05-18,17,12,7,11,7,4,94,71,39,1019,1010,1002,31,16,5,23,11,NA,0.25,7,"Rain",199,"EDDH"
"869",2015-05-19,16,11,7,11,7,3,94,79,35,1008,1004,1001,31,13,5,37,16,53,1.02,4,"Rain",226,"EDDH"
"870",2015-05-20,14,10,6,8,6,4,93,72,43,1017,1012,1008,31,11,10,26,13,35,0,3,"Rain",239,"EDDH"
"871",2015-05-21,14,9,4,8,6,4,100,77,46,1026,1022,1017,31,12,10,26,11,NA,0.25,3,"Fog-Rain",260,"EDDH"
"872",2015-05-22,18,12,6,10,8,5,100,69,37,1026,1024,1021,31,13,10,21,6,NA,0,4,"Fog",249,"EDDH"
"873",2015-05-23,16,12,7,11,8,4,94,72,41,1022,1021,1020,26,10,8,23,11,37,0.51,6,"Rain",302,"EDDH"
"874",2015-05-24,18,10,2,7,5,2,100,65,27,1022,1019,1015,31,12,10,14,6,NA,0,2,"Fog",285,"EDDH"
"875",2015-05-25,15,11,7,11,7,4,94,76,46,1016,1014,1013,31,12,9,23,8,NA,0,6,"Fog-Rain",297,"EDDH"
"876",2015-05-26,14,10,6,9,6,4,93,72,40,1020,1016,1014,31,11,10,34,13,NA,0.51,4,"Rain",284,"EDDH"
"877",2015-05-27,16,11,7,8,6,2,93,68,32,1022,1020,1017,31,12,10,29,13,NA,0,5,"Rain",281,"EDDH"
"878",2015-05-28,16,11,7,12,7,4,94,69,45,1017,1012,1009,31,11,8,35,19,42,2.03,5,"Rain",229,"EDDH"
"879",2015-05-29,18,11,4,10,6,3,100,69,29,1013,1009,1003,31,12,10,32,13,NA,0.25,6,"Fog-Rain",203,"EDDH"
"880",2015-05-30,13,10,6,8,6,4,93,71,47,1014,1008,1003,31,11,10,35,21,60,2.03,4,"Rain",254,"EDDH"
"881",2015-05-31,18,12,5,13,7,4,93,70,40,1014,1011,1006,31,14,10,37,16,58,0,6,"Rain",202,"EDDH"
"882",2015-06-01,16,12,9,14,7,3,94,66,33,1017,1013,1005,31,12,5,42,21,82,0,5,"Rain",250,"EDDH"
"883",2015-06-02,19,14,9,14,9,4,82,67,44,1014,1009,1007,31,15,10,47,23,72,0,7,"Rain",198,"EDDH"
"884",2015-06-03,17,13,9,13,9,4,93,64,35,1026,1017,1009,31,13,10,40,24,58,0.25,3,"Rain",264,"EDDH"
"885",2015-06-04,21,12,4,10,6,2,100,62,21,1031,1028,1026,31,12,10,23,6,27,0,1,"Fog",41,"EDDH"
"886",2015-06-05,29,19,10,13,8,2,72,45,20,1027,1021,1016,NA,NA,NA,26,14,NA,0,NA,NA,118,"EDDH"
"887",2015-06-06,22,16,9,16,11,1,78,58,27,1026,1020,1014,31,14,10,35,16,39,0,3,"Rain",273,"EDDH"
"888",2015-06-07,20,13,6,9,6,1,87,61,24,1030,1028,1026,10,10,10,29,11,NA,0,2,NA,273,"EDDH"
"889",2015-06-08,17,11,4,9,6,4,100,68,30,1031,1029,1028,31,12,10,26,10,NA,0,4,"Fog",321,"EDDH"
"890",2015-06-09,17,10,3,9,6,3,100,68,37,1030,1029,1028,31,14,10,14,10,NA,0,4,"Fog",7,"EDDH"
"891",2015-06-10,21,13,6,10,5,-1,100,57,14,1030,1028,1025,31,12,10,16,8,29,0,1,"Fog",50,"EDDH"
"892",2015-06-11,23,13,4,12,6,1,93,55,17,1027,1023,1018,31,22,10,14,8,NA,0,NA,"Fog",5,"EDDH"
"893",2015-06-12,26,18,9,12,10,7,94,59,21,1019,1014,1010,31,26,10,23,10,34,0,1,NA,74,"EDDH"
"894",2015-06-13,27,20,13,18,13,11,100,71,29,1010,1007,1005,31,12,3,27,8,47,7.11,6,"Fog-Rain-Thunderstorm",176,"EDDH"
"895",2015-06-14,16,13,11,15,11,6,100,80,59,1015,1010,1006,31,11,3,23,14,NA,0,6,"Fog-Rain",293,"EDDH"
"896",2015-06-15,16,10,4,6,5,3,93,63,35,1022,1019,1015,31,12,10,26,13,NA,0,5,"Fog",325,"EDDH"
"897",2015-06-16,16,12,9,6,6,3,76,62,37,1024,1023,1022,31,13,10,26,11,NA,0,5,NA,303,"EDDH"
"898",2015-06-17,20,11,3,14,8,3,100,75,37,1025,1021,1014,31,14,6,29,10,NA,0.76,6,"Fog-Rain",231,"EDDH"
"899",2015-06-18,17,13,10,13,11,7,100,82,57,1014,1013,1011,31,12,5,32,16,NA,0.25,6,"Rain",275,"EDDH"
"900",2015-06-19,15,12,9,11,9,7,100,84,54,1014,1013,1012,31,13,8,29,16,NA,4.06,6,"Rain",275,"EDDH"
"901",2015-06-20,17,13,10,11,9,8,100,78,49,1019,1016,1014,31,12,10,35,16,NA,0,4,"Rain",297,"EDDH"
"902",2015-06-21,19,14,9,13,8,7,94,67,41,1019,1015,1010,31,13,10,19,10,NA,7.87,5,"Rain",234,"EDDH"
"903",2015-06-22,15,12,10,13,11,8,100,90,59,1010,1007,1004,31,11,6,23,11,NA,6.1,6,"Fog-Rain",251,"EDDH"
"904",2015-06-23,17,13,9,12,10,8,100,80,50,1012,1007,1003,26,10,6,27,11,NA,0,5,"Rain",280,"EDDH"
"905",2015-06-24,17,13,11,11,9,8,94,76,54,1020,1017,1012,31,14,7,27,18,39,0,6,"Rain",265,"EDDH"
"906",2015-06-25,22,17,12,14,12,9,94,72,39,1022,1021,1020,31,12,9,23,11,NA,0,5,"Rain",257,"EDDH"
"907",2015-06-26,21,17,13,14,13,10,94,70,41,1021,1019,1016,26,13,10,11,6,NA,0,7,"Rain",337,"EDDH"
"908",2015-06-27,22,18,14,16,13,10,94,75,45,1018,1014,1011,31,14,3,29,14,39,0,5,"Rain",261,"EDDH"
"909",2015-06-28,22,17,11,14,11,8,94,67,29,1022,1020,1019,31,14,10,29,14,40,0.51,4,"Rain",288,"EDDH"
"910",2015-06-29,23,19,15,14,13,11,94,67,38,1022,1020,1018,31,15,10,24,11,NA,0,4,"Rain",274,"EDDH"
"911",2015-06-30,23,17,10,13,11,9,100,64,34,1024,1023,1022,31,11,10,19,8,NA,0,1,"Fog",326,"EDDH"
"912",2015-07-01,28,20,11,13,10,7,88,51,17,1024,1023,1021,NA,NA,NA,26,13,NA,0,NA,NA,102,"EDDH"
"913",2015-07-02,32,24,17,14,11,8,77,42,16,1023,1022,1021,NA,NA,NA,34,21,47,0,NA,NA,115,"EDDH"
"914",2015-07-03,30,23,17,20,16,12,83,57,33,1025,1023,1021,26,11,10,26,13,29,2.03,4,"Rain",53,"EDDH"
"915",2015-07-04,36,27,18,21,17,10,94,56,13,1024,1019,1016,31,15,10,29,8,53,0,5,"Fog-Rain-Thunderstorm",62,"EDDH"
"916",2015-07-05,30,24,19,24,20,16,94,76,42,1019,1015,1010,14,8,3,29,8,NA,1.02,6,"Rain-Thunderstorm",242,"EDDH"
"917",2015-07-06,23,19,14,19,13,9,89,67,33,1019,1017,1013,11,10,10,34,18,48,0,4,"Rain",275,"EDDH"
"918",2015-07-07,28,19,11,18,13,8,94,65,21,1018,1011,1002,31,15,8,19,6,NA,0.25,5,"Fog-Rain-Thunderstorm",166,"EDDH"
"919",2015-07-08,19,17,14,16,13,10,88,77,48,1007,1004,1002,31,12,10,40,19,58,2.03,4,"Rain",246,"EDDH"
"920",2015-07-09,17,13,11,11,8,4,94,70,37,1019,1013,1007,31,14,8,47,24,74,3.05,4,"Rain",277,"EDDH"
"921",2015-07-10,18,14,11,9,7,5,88,61,39,1022,1020,1019,31,12,10,40,23,53,0,3,"Rain",291,"EDDH"
"922",2015-07-11,24,16,8,13,11,7,100,67,36,1021,1017,1015,31,20,10,13,5,NA,0,6,"Fog",99,"EDDH"
"923",2015-07-12,19,17,14,16,14,12,100,84,69,1015,1014,1013,31,13,5,19,10,NA,4.06,7,"Rain",251,"EDDH"
"924",2015-07-13,20,18,15,16,14,12,100,86,52,1015,1013,1012,31,12,3,21,10,NA,1.02,7,"Rain",271,"EDDH"
"925",2015-07-14,20,17,14,16,14,10,100,84,52,1016,1013,1011,26,9,3,21,6,NA,3.05,7,"Rain",287,"EDDH"
"926",2015-07-15,22,17,12,14,11,7,95,68,30,1020,1018,1016,31,14,10,18,10,NA,0,4,"Rain",302,"EDDH"
"927",2015-07-16,22,18,14,14,13,12,89,73,45,1020,1018,1017,31,12,10,14,8,NA,0,5,"Rain",29,"EDDH"
"928",2015-07-17,30,21,11,19,14,10,94,70,36,1018,1014,1010,26,12,10,27,11,NA,0,4,"Rain",68,"EDDH"
"929",2015-07-18,23,18,13,18,14,10,100,73,33,1017,1014,1012,31,13,6,29,11,47,0,5,"Fog-Rain-Thunderstorm",270,"EDDH"
"930",2015-07-19,16,13,10,14,12,10,100,88,66,1017,1011,1008,31,11,5,14,6,NA,4.06,6,"Fog-Rain-Thunderstorm",123,"EDDH"
"931",2015-07-20,22,17,11,12,11,9,94,70,38,1014,1012,1009,19,10,10,21,13,NA,0,3,"Rain-Thunderstorm",253,"EDDH"
"932",2015-07-21,24,19,15,19,16,12,94,72,42,1014,1011,1009,31,11,5,32,18,45,1.02,4,"Rain",258,"EDDH"
"933",2015-07-22,26,20,14,17,14,11,94,68,33,1014,1012,1011,31,14,10,26,8,NA,0,3,NA,242,"EDDH"
"934",2015-07-23,19,16,12,15,12,8,94,72,41,1017,1015,1013,31,12,10,27,10,NA,0,5,"Rain",283,"EDDH"
"935",2015-07-24,24,17,9,13,10,8,100,64,27,1017,1014,1007,10,10,10,23,8,35,0,6,"Fog-Rain",97,"EDDH"
"936",2015-07-25,26,20,14,18,14,10,95,75,43,1007,999,996,31,11,4,42,23,74,3.05,6,"Rain-Thunderstorm",186,"EDDH"
"937",2015-07-26,19,16,12,14,11,8,94,74,37,1011,1008,1001,31,11,5,50,26,72,1.02,5,"Rain",253,"EDDH"
"938",2015-07-27,20,17,13,17,13,10,100,83,63,1006,1000,997,31,11,5,29,18,39,6.1,6,"Rain",190,"EDDH"
"939",2015-07-28,18,16,13,15,13,11,94,89,67,1003,1000,997,31,12,5,34,24,48,11.94,6,"Rain",234,"EDDH"
"940",2015-07-29,18,14,12,12,11,7,100,77,48,1003,1002,1001,31,12,10,40,24,60,2.03,5,"Rain",235,"EDDH"
"941",2015-07-30,17,14,12,12,11,9,94,81,56,1014,1008,1003,31,13,6,32,26,52,1.02,6,"Rain",262,"EDDH"
"942",2015-07-31,17,13,8,10,8,4,100,70,35,1019,1017,1014,31,10,10,29,14,50,0,4,"Rain",277,"EDDH"
"943",2015-08-01,22,14,6,11,8,6,100,66,26,1020,1017,1016,31,13,10,19,6,NA,0,6,"Fog",102,"EDDH"
"944",2015-08-02,23,16,9,13,10,7,100,67,27,1021,1019,1017,31,17,10,18,6,NA,0,NA,"Fog",322,"EDDH"
"945",2015-08-03,30,21,11,14,12,9,88,54,22,1021,1017,1014,NA,NA,NA,26,11,40,0,NA,NA,118,"EDDH"
"946",2015-08-04,31,23,16,20,16,13,100,66,30,1015,1012,1009,31,16,5,26,13,NA,17.02,7,"Rain-Thunderstorm",167,"EDDH"
"947",2015-08-05,23,18,13,16,13,10,100,71,34,1019,1017,1016,31,14,10,19,11,NA,0,3,"Fog-Rain",247,"EDDH"
"948",2015-08-06,31,22,13,18,13,11,88,56,26,1018,1015,1013,NA,NA,NA,19,11,NA,0,NA,NA,124,"EDDH"
"949",2015-08-07,24,19,15,19,17,14,100,82,56,1019,1017,1014,31,14,8,23,8,NA,5.08,4,"Fog-Rain-Thunderstorm",308,"EDDH"
"950",2015-08-08,22,19,15,18,16,13,100,84,59,1023,1020,1017,31,10,3,24,10,NA,1.02,5,"Fog-Rain-Thunderstorm",321,"EDDH"
"951",2015-08-09,24,17,10,16,12,8,100,69,34,1024,1022,1020,31,12,10,21,8,32,0,1,"Fog",56,"EDDH"
"952",2015-08-10,26,21,15,15,12,9,77,55,32,1020,1017,1015,31,18,10,16,10,NA,2.03,5,"Rain",76,"EDDH"
"953",2015-08-11,25,21,16,19,17,14,100,82,55,1021,1018,1014,31,13,8,21,11,NA,0,6,"Fog-Rain-Thunderstorm",319,"EDDH"
"954",2015-08-12,23,19,15,17,16,13,97,80,51,1024,1023,1020,31,11,6,14,8,NA,0,7,"Rain",6,"EDDH"
"955",2015-08-13,24,18,12,16,13,12,100,70,36,1024,1021,1015,31,26,10,26,11,NA,0,NA,"Fog",64,"EDDH"
"956",2015-08-14,29,23,17,22,17,13,88,66,37,1015,1010,1006,31,18,10,26,14,40,1.02,4,"Rain-Thunderstorm",96,"EDDH"
"957",2015-08-15,24,21,17,21,19,16,100,86,58,1010,1007,1005,31,14,8,14,6,NA,0.51,6,"Fog-Rain-Thunderstorm",312,"EDDH"
"958",2015-08-16,25,20,15,20,18,16,100,86,59,1012,1011,1010,23,9,0,18,10,NA,4.06,6,"Fog",348,"EDDH"
"959",2015-08-17,23,20,17,20,18,15,100,89,67,1012,1010,1009,26,10,4,21,11,NA,5.08,6,"Rain-Thunderstorm",58,"EDDH"
"960",2015-08-18,17,16,15,16,16,14,100,93,72,1017,1013,1009,26,9,3,19,11,NA,9.91,7,"Rain",160,"EDDH"
"961",2015-08-19,16,15,14,15,14,13,100,96,88,1022,1020,1017,18,6,2,13,8,NA,2.03,7,"Fog-Rain",285,"EDDH"
"962",2015-08-20,23,17,11,17,14,12,100,85,53,1025,1024,1022,31,9,0,14,5,NA,0,3,"Fog",96,"EDDH"
"963",2015-08-21,25,18,10,15,11,7,100,66,22,1026,1025,1024,31,17,10,18,8,NA,0,1,"Fog",115,"EDDH"
"964",2015-08-22,26,18,11,13,10,5,100,60,18,1025,1022,1019,31,16,10,23,8,NA,0,NA,"Fog",78,"EDDH"
"965",2015-08-23,23,17,11,13,11,8,88,60,29,1020,1015,1009,31,20,10,29,14,NA,0,1,NA,88,"EDDH"
"966",2015-08-24,24,19,14,16,13,11,78,64,46,1010,1005,1002,31,16,10,29,18,47,0,5,"Rain",124,"EDDH"
"967",2015-08-25,21,18,15,15,13,11,94,70,50,1014,1008,1004,31,16,9,35,23,53,1.02,5,"Rain",205,"EDDH"
"968",2015-08-26,25,19,14,16,14,9,94,66,44,1014,1012,1009,10,10,8,32,19,NA,0,6,"Rain",187,"EDDH"
"969",2015-08-27,20,17,13,17,14,12,94,77,50,1011,1009,1006,31,13,10,27,18,NA,4.06,7,"Rain",209,"EDDH"
"970",2015-08-28,20,17,13,14,13,12,100,83,55,1020,1015,1010,31,12,6,23,13,NA,0,5,"Fog-Rain",235,"EDDH"
"971",2015-08-29,23,16,9,14,12,9,100,75,35,1024,1022,1021,31,13,0,14,5,NA,0,3,"Fog",181,"EDDH"
"972",2015-08-30,23,17,12,19,15,12,94,87,71,1022,1019,1016,26,12,6,14,6,NA,4.06,4,"Fog-Rain-Thunderstorm",62,"EDDH"
"973",2015-08-31,28,22,16,20,17,16,100,78,44,1016,1011,1005,31,7,3,21,8,NA,0,6,"Fog-Rain",72,"EDDH"
"974",2015-09-01,20,17,14,19,15,11,94,83,66,1012,1008,1005,31,13,6,27,13,NA,0.25,6,"Rain",259,"EDDH"
"975",2015-09-02,19,15,11,12,10,8,94,72,40,1014,1013,1012,10,10,10,29,18,48,0,3,"Rain",240,"EDDH"
"976",2015-09-03,18,13,9,10,8,7,94,70,37,1014,1013,1012,31,12,10,19,10,NA,0,3,"Rain",221,"EDDH"
"977",2015-09-04,17,13,9,11,9,8,94,75,52,1013,1010,1006,31,17,10,37,16,50,0,6,"Rain",211,"EDDH"
"978",2015-09-05,16,13,11,13,11,8,100,86,53,1009,1007,1005,31,13,6,39,23,69,8.89,4,"Rain",258,"EDDH"
"979",2015-09-06,18,14,11,12,10,8,94,77,46,1019,1013,1008,31,13,10,39,23,58,0.76,3,"Rain",290,"EDDH"
"980",2015-09-07,18,14,11,11,9,4,95,70,30,1025,1021,1018,31,15,10,26,11,35,0,4,"Fog-Rain",307,"EDDH"
"981",2015-09-08,19,13,7,13,10,7,100,80,47,1025,1024,1023,31,13,2,19,6,NA,0,2,"Fog",329,"EDDH"
"982",2015-09-09,18,12,5,12,8,5,100,71,36,1027,1026,1025,31,12,10,16,6,NA,0,2,"Fog",47,"EDDH"
"983",2015-09-10,19,12,6,12,9,6,100,76,40,1028,1026,1024,31,10,10,24,10,NA,0,2,"Fog-Rain",69,"EDDH"
"984",2015-09-11,16,13,11,12,11,9,94,84,67,1025,1022,1019,31,15,9,26,11,NA,0,4,"Rain",74,"EDDH"
"985",2015-09-12,20,16,11,14,12,11,100,83,53,1020,1016,1013,31,9,4,21,11,NA,0.51,6,"Rain",105,"EDDH"
"986",2015-09-13,20,18,15,17,16,13,100,87,66,1013,1011,1006,19,8,3,18,13,NA,1.02,7,"Rain",133,"EDDH"
"987",2015-09-14,18,17,15,16,15,13,95,91,82,1006,1002,1000,31,12,6,21,13,35,8.89,6,"Rain",149,"EDDH"
"988",2015-09-15,15,13,11,13,10,8,88,76,57,1005,1003,1001,31,14,10,32,19,50,6.1,4,"Rain-Thunderstorm",191,"EDDH"
"989",2015-09-16,17,14,11,16,12,9,94,83,66,1004,999,993,31,11,7,26,18,45,1.02,6,"Rain",141,"EDDH"
"990",2015-09-17,19,16,13,15,13,12,94,77,59,1004,996,992,31,11,5,40,24,60,0,6,"Rain",200,"EDDH"
